Data from MMG 2020 are NOT directly comparable to data from any prior MMG study due to methodological changes made in 2020.,,,,,,,,,,,,,,,
FIPS,State Name,District,2018 Food Insecurity Rate,# of Food Insecure Persons in 2018,Low Threshold in state,Low Threshold Type,High Threshold in state,High Threshold Type,% FI â‰¤ Low Threshold,% FI Btwn Thresholds,% FI > High Threshold,2018 Child Food Insecurity Rate,# of Food Insecure Children in 2018,% food insecure children in HH w/ HH incomes below 185 FPL in 2018,% food insecure children in HH w/ HH incomes above 185 FPL in 2018
101,AL,"Congressional District 1 (116th Congress), Alabama",16.4%,"117,560",130%,SNAP,185%,Other Nutrition Program,50.0%,16.3%,33.7%,22.3%,"36,250",76%,24%
102,AL,"Congressional District 2 (116th Congress), Alabama",18.0%,"122,290",130%,SNAP,185%,Other Nutrition Program,52.6%,14.7%,32.7%,25.1%,"38,440",75%,25%
103,AL,"Congressional District 3 (116th Congress), Alabama",18.3%,"129,360",130%,SNAP,185%,Other Nutrition Program,50.3%,18.9%,30.8%,24.4%,"37,520",81%,19%
104,AL,"Congressional District 4 (116th Congress), Alabama",16.6%,"114,160",130%,SNAP,185%,Other Nutrition Program,48.8%,22.1%,29.1%,23.9%,"37,130",92%,8%
105,AL,"Congressional District 5 (116th Congress), Alabama",14.6%,"106,250",130%,SNAP,185%,Other Nutrition Program,42.4%,17.2%,40.5%,19.4%,"30,600",77%,23%
106,AL,"Congressional District 6 (116th Congress), Alabama",12.7%,"90,840",130%,SNAP,185%,Other Nutrition Program,35.3%,16.3%,48.4%,16.5%,"26,610",64%,36%
107,AL,"Congressional District 7 (116th Congress), Alabama",22.5%,"148,760",130%,SNAP,185%,Other Nutrition Program,67.9%,8.7%,23.4%,31.3%,"45,250",66%,34%
200,AK,"Congressional District (at Large) (116th Congress), Alaska",12.9%,"95,190",130%,SNAP,185%,Other Nutrition Program,46.7%,15.4%,37.9%,18.1%,"33,200",65%,36%
401,AZ,"Congressional District 1 (116th Congress), Arizona",16.0%,"123,440",185%,"SNAP, Other Nutrition Programs",185%,"SNAP, Other Nutrition Programs",68.5%,,31.5%,24.8%,"44,200",74%,26%
402,AZ,"Congressional District 2 (116th Congress), Arizona",13.8%,"99,690",185%,"SNAP, Other Nutrition Programs",185%,"SNAP, Other Nutrition Programs",66.1%,,33.9%,18.9%,"26,800",68%,32%
403,AZ,"Congressional District 3 (116th Congress), Arizona",14.1%,"112,770",185%,"SNAP, Other Nutrition Programs",185%,"SNAP, Other Nutrition Programs",86.7%,,13.3%,20.6%,"43,580",80%,20%
404,AZ,"Congressional District 4 (116th Congress), Arizona",14.7%,"118,990",185%,"SNAP, Other Nutrition Programs",185%,"SNAP, Other Nutrition Programs",62.4%,,37.6%,22.5%,"33,960",63%,37%
405,AZ,"Congressional District 5 (116th Congress), Arizona",9.9%,"82,940",185%,"SNAP, Other Nutrition Programs",185%,"SNAP, Other Nutrition Programs",47.2%,,52.8%,14.5%,"31,590",45%,55%
406,AZ,"Congressional District 6 (116th Congress), Arizona",10.5%,"82,510",185%,"SNAP, Other Nutrition Programs",185%,"SNAP, Other Nutrition Programs",50.7%,,49.3%,14.3%,"22,390",58%,43%
407,AZ,"Congressional District 7 (116th Congress), Arizona",15.3%,"130,540",185%,"SNAP, Other Nutrition Programs",185%,"SNAP, Other Nutrition Programs",94.5%,,5.5%,21.7%,"56,210",88%,12%
408,AZ,"Congressional District 8 (116th Congress), Arizona",10.6%,"84,080",185%,"SNAP, Other Nutrition Programs",185%,"SNAP, Other Nutrition Programs",50.4%,,49.6%,15.3%,"25,730",50%,51%
409,AZ,"Congressional District 9 (116th Congress), Arizona",12.9%,"102,340",185%,"SNAP, Other Nutrition Programs",185%,"SNAP, Other Nutrition Programs",63.4%,,36.6%,17.1%,"26,930",71%,29%
501,AR,"Congressional District 1 (116th Congress), Arkansas",19.5%,"141,420",130%,SNAP,185%,Other Nutrition Program,57.8%,15.5%,26.7%,26.8%,"44,840",78%,22%
502,AR,"Congressional District 2 (116th Congress), Arkansas",16.7%,"127,480",130%,SNAP,185%,Other Nutrition Program,50.9%,11.0%,38.2%,21.9%,"38,580",65%,35%
503,AR,"Congressional District 3 (116th Congress), Arkansas",14.4%,"118,110",130%,SNAP,185%,Other Nutrition Program,44.1%,20.5%,35.4%,17.7%,"35,450",81%,19%
504,AR,"Congressional District 4 (116th Congress), Arkansas",19.1%,"134,480",130%,SNAP,185%,Other Nutrition Program,58.3%,13.8%,27.9%,27.2%,"43,400",76%,24%
601,CA,"Congressional District 1 (116th Congress), California",14.2%,"101,350",200%,"SNAP, Other Nutrition Programs",200%,"SNAP, Other Nutrition Programs",69.8%,,30.2%,20.5%,"28,350",61%,39%
602,CA,"Congressional District 2 (116th Congress), California",11.0%,"79,700",200%,"SNAP, Other Nutrition Programs",200%,"SNAP, Other Nutrition Programs",57.4%,,42.6%,14.9%,"21,350",55%,45%
603,CA,"Congressional District 3 (116th Congress), California",11.6%,"86,720",200%,"SNAP, Other Nutrition Programs",200%,"SNAP, Other Nutrition Programs",69.6%,,30.4%,15.2%,"26,960",65%,35%
604,CA,"Congressional District 4 (116th Congress), California",10.0%,"75,610",200%,"SNAP, Other Nutrition Programs",200%,"SNAP, Other Nutrition Programs",54.5%,,45.5%,15.2%,"23,540",47%,53%
605,CA,"Congressional District 5 (116th Congress), California",10.0%,"73,300",200%,"SNAP, Other Nutrition Programs",200%,"SNAP, Other Nutrition Programs",66.6%,,33.4%,13.5%,"20,290",63%,37%
606,CA,"Congressional District 6 (116th Congress), California",13.8%,"107,280",200%,"SNAP, Other Nutrition Programs",200%,"SNAP, Other Nutrition Programs",80.5%,,19.5%,19.9%,"38,400",73%,27%
607,CA,"Congressional District 7 (116th Congress), California",10.9%,"82,100",200%,"SNAP, Other Nutrition Programs",200%,"SNAP, Other Nutrition Programs",63.2%,,36.8%,16.3%,"27,670",61%,39%
608,CA,"Congressional District 8 (116th Congress), California",13.8%,"98,630",200%,"SNAP, Other Nutrition Programs",200%,"SNAP, Other Nutrition Programs",85.4%,,14.6%,21.0%,"40,640",73%,27%
609,CA,"Congressional District 9 (116th Congress), California",11.8%,"91,340",200%,"SNAP, Other Nutrition Programs",200%,"SNAP, Other Nutrition Programs",82.0%,,18.0%,17.9%,"37,590",68%,32%
610,CA,"Congressional District 10 (116th Congress), California",12.1%,"92,430",200%,"SNAP, Other Nutrition Programs",200%,"SNAP, Other Nutrition Programs",82.8%,,17.2%,18.4%,"37,060",75%,26%
611,CA,"Congressional District 11 (116th Congress), California",9.1%,"69,620",200%,"SNAP, Other Nutrition Programs",200%,"SNAP, Other Nutrition Programs",60.5%,,39.5%,12.3%,"20,030",52%,48%
612,CA,"Congressional District 12 (116th Congress), California",10.8%,"82,270",200%,"SNAP, Other Nutrition Programs",200%,"SNAP, Other Nutrition Programs",48.2%,,51.8%,10.7%,"10,830",59%,41%
613,CA,"Congressional District 13 (116th Congress), California",11.8%,"89,890",200%,"SNAP, Other Nutrition Programs",200%,"SNAP, Other Nutrition Programs",60.8%,,39.2%,14.0%,"19,540",56%,44%
614,CA,"Congressional District 14 (116th Congress), California",7.9%,"59,820",200%,"SNAP, Other Nutrition Programs",200%,"SNAP, Other Nutrition Programs",48.9%,,51.1%,9.1%,"13,340",50%,51%
615,CA,"Congressional District 15 (116th Congress), California",6.7%,"52,640",200%,"SNAP, Other Nutrition Programs",200%,"SNAP, Other Nutrition Programs",46.3%,,53.7%,8.3%,"15,320",42%,58%
616,CA,"Congressional District 16 (116th Congress), California",17.8%,"133,170",200%,"SNAP, Other Nutrition Programs",200%,"SNAP, Other Nutrition Programs",95.2%,,4.8%,26.4%,"58,860",86%,14%
617,CA,"Congressional District 17 (116th Congress), California",7.8%,"60,410",200%,"SNAP, Other Nutrition Programs",200%,"SNAP, Other Nutrition Programs",40.7%,,59.3%,8.6%,"13,740",40%,60%
618,CA,"Congressional District 18 (116th Congress), California",7.0%,"52,810",200%,"SNAP, Other Nutrition Programs",200%,"SNAP, Other Nutrition Programs",46.0%,,54.0%,6.8%,"11,300",53%,47%
619,CA,"Congressional District 19 (116th Congress), California",8.1%,"62,080",200%,"SNAP, Other Nutrition Programs",200%,"SNAP, Other Nutrition Programs",62.5%,,37.5%,9.9%,"17,090",57%,43%
620,CA,"Congressional District 20 (116th Congress), California",10.0%,"73,870",200%,"SNAP, Other Nutrition Programs",200%,"SNAP, Other Nutrition Programs",81.2%,,18.8%,14.0%,"25,000",79%,21%
621,CA,"Congressional District 21 (116th Congress), California",15.6%,"111,380",200%,"SNAP, Other Nutrition Programs",200%,"SNAP, Other Nutrition Programs",100.0%,,0.0%,23.3%,"50,150",93%,7%
622,CA,"Congressional District 22 (116th Congress), California",12.2%,"94,030",200%,"SNAP, Other Nutrition Programs",200%,"SNAP, Other Nutrition Programs",87.5%,,12.5%,18.0%,"39,780",78%,22%
623,CA,"Congressional District 23 (116th Congress), California",14.6%,"109,400",200%,"SNAP, Other Nutrition Programs",200%,"SNAP, Other Nutrition Programs",81.5%,,18.5%,21.9%,"44,190",71%,29%
624,CA,"Congressional District 24 (116th Congress), California",11.0%,"81,170",200%,"SNAP, Other Nutrition Programs",200%,"SNAP, Other Nutrition Programs",70.6%,,29.4%,13.6%,"20,470",73%,27%
625,CA,"Congressional District 25 (116th Congress), California",9.9%,"71,030",200%,"SNAP, Other Nutrition Programs",200%,"SNAP, Other Nutrition Programs",71.7%,,28.3%,15.5%,"28,550",63%,37%
626,CA,"Congressional District 26 (116th Congress), California",8.3%,"60,770",200%,"SNAP, Other Nutrition Programs",200%,"SNAP, Other Nutrition Programs",86.1%,,13.9%,11.8%,"19,990",82%,18%
627,CA,"Congressional District 27 (116th Congress), California",10.0%,"70,840",200%,"SNAP, Other Nutrition Programs",200%,"SNAP, Other Nutrition Programs",72.7%,,27.3%,13.0%,"18,040",71%,29%
628,CA,"Congressional District 28 (116th Congress), California",12.9%,"91,220",200%,"SNAP, Other Nutrition Programs",200%,"SNAP, Other Nutrition Programs",61.0%,,39.0%,15.6%,"16,980",59%,41%
629,CA,"Congressional District 29 (116th Congress), California",11.8%,"83,170",200%,"SNAP, Other Nutrition Programs",200%,"SNAP, Other Nutrition Programs",100.0%,,0.0%,16.3%,"26,090",94%,6%
630,CA,"Congressional District 30 (116th Congress), California",10.5%,"80,410",200%,"SNAP, Other Nutrition Programs",200%,"SNAP, Other Nutrition Programs",61.7%,,38.3%,13.6%,"20,220",56%,44%
631,CA,"Congressional District 31 (116th Congress), California",11.7%,"87,740",200%,"SNAP, Other Nutrition Programs",200%,"SNAP, Other Nutrition Programs",87.2%,,12.8%,17.4%,"34,350",73%,28%
632,CA,"Congressional District 32 (116th Congress), California",9.1%,"65,400",200%,"SNAP, Other Nutrition Programs",200%,"SNAP, Other Nutrition Programs",97.3%,,2.7%,13.3%,"21,400",84%,17%
633,CA,"Congressional District 33 (116th Congress), California",9.3%,"65,840",200%,"SNAP, Other Nutrition Programs",200%,"SNAP, Other Nutrition Programs",40.3%,,59.7%,10.1%,"13,420",31%,69%
634,CA,"Congressional District 34 (116th Congress), California",15.1%,"112,850",200%,"SNAP, Other Nutrition Programs",200%,"SNAP, Other Nutrition Programs",93.7%,,6.3%,18.5%,"25,610",92%,8%
635,CA,"Congressional District 35 (116th Congress), California",9.4%,"72,450",200%,"SNAP, Other Nutrition Programs",200%,"SNAP, Other Nutrition Programs",100.0%,,0.0%,14.5%,"28,740",78%,22%
636,CA,"Congressional District 36 (116th Congress), California",13.1%,"98,500",200%,"SNAP, Other Nutrition Programs",200%,"SNAP, Other Nutrition Programs",87.9%,,12.1%,20.4%,"29,810",74%,26%
637,CA,"Congressional District 37 (116th Congress), California",13.1%,"96,820",200%,"SNAP, Other Nutrition Programs",200%,"SNAP, Other Nutrition Programs",76.6%,,23.4%,16.2%,"22,860",67%,33%
638,CA,"Congressional District 38 (116th Congress), California",7.9%,"56,350",200%,"SNAP, Other Nutrition Programs",200%,"SNAP, Other Nutrition Programs",92.1%,,7.9%,10.5%,"16,750",78%,22%
639,CA,"Congressional District 39 (116th Congress), California",8.0%,"57,970",200%,"SNAP, Other Nutrition Programs",200%,"SNAP, Other Nutrition Programs",69.8%,,30.2%,11.1%,"17,540",69%,32%
640,CA,"Congressional District 40 (116th Congress), California",12.8%,"91,850",200%,"SNAP, Other Nutrition Programs",200%,"SNAP, Other Nutrition Programs",100.0%,,0.0%,18.4%,"35,740",91%,9%
641,CA,"Congressional District 41 (116th Congress), California",10.4%,"80,900",200%,"SNAP, Other Nutrition Programs",200%,"SNAP, Other Nutrition Programs",100.0%,,0.0%,15.6%,"32,390",77%,23%
642,CA,"Congressional District 42 (116th Congress), California",7.9%,"65,640",200%,"SNAP, Other Nutrition Programs",200%,"SNAP, Other Nutrition Programs",76.8%,,23.2%,12.1%,"27,950",60%,40%
643,CA,"Congressional District 43 (116th Congress), California",11.6%,"87,200",200%,"SNAP, Other Nutrition Programs",200%,"SNAP, Other Nutrition Programs",85.2%,,14.8%,15.2%,"26,900",68%,32%
644,CA,"Congressional District 44 (116th Congress), California",12.9%,"93,230",200%,"SNAP, Other Nutrition Programs",200%,"SNAP, Other Nutrition Programs",100.0%,,0.0%,18.5%,"37,330",82%,19%
645,CA,"Congressional District 45 (116th Congress), California",8.1%,"64,730",200%,"SNAP, Other Nutrition Programs",200%,"SNAP, Other Nutrition Programs",50.2%,,49.8%,9.6%,"16,440",50%,50%
646,CA,"Congressional District 46 (116th Congress), California",10.0%,"73,330",200%,"SNAP, Other Nutrition Programs",200%,"SNAP, Other Nutrition Programs",96.9%,,3.1%,13.5%,"24,450",90%,10%
647,CA,"Congressional District 47 (116th Congress), California",10.9%,"77,670",200%,"SNAP, Other Nutrition Programs",200%,"SNAP, Other Nutrition Programs",75.0%,,25.0%,14.3%,"21,150",70%,30%
648,CA,"Congressional District 48 (116th Congress), California",9.0%,"64,600",200%,"SNAP, Other Nutrition Programs",200%,"SNAP, Other Nutrition Programs",55.8%,,44.2%,10.8%,"14,590",57%,43%
649,CA,"Congressional District 49 (116th Congress), California",8.7%,"63,620",200%,"SNAP, Other Nutrition Programs",200%,"SNAP, Other Nutrition Programs",59.5%,,40.5%,12.3%,"19,840",60%,40%
650,CA,"Congressional District 50 (116th Congress), California",9.3%,"69,540",200%,"SNAP, Other Nutrition Programs",200%,"SNAP, Other Nutrition Programs",76.3%,,23.7%,12.8%,"22,720",74%,26%
651,CA,"Congressional District 51 (116th Congress), California",14.7%,"109,520",200%,"SNAP, Other Nutrition Programs",200%,"SNAP, Other Nutrition Programs",96.6%,,3.4%,22.0%,"41,560",85%,15%
652,CA,"Congressional District 52 (116th Congress), California",9.5%,"73,130",200%,"SNAP, Other Nutrition Programs",200%,"SNAP, Other Nutrition Programs",46.7%,,53.3%,11.2%,"16,890",43%,58%
653,CA,"Congressional District 53 (116th Congress), California",10.6%,"84,490",200%,"SNAP, Other Nutrition Programs",200%,"SNAP, Other Nutrition Programs",64.5%,,35.5%,13.7%,"22,550",59%,41%
801,CO,"Congressional District 1 (116th Congress), Colorado",10.5%,"88,020",200%,"SNAP, Other Nutrition Programs",200%,"SNAP, Other Nutrition Programs",68.7%,,31.3%,11.4%,"18,870",79%,22%
802,CO,"Congressional District 2 (116th Congress), Colorado",9.5%,"77,440",200%,"SNAP, Other Nutrition Programs",200%,"SNAP, Other Nutrition Programs",52.8%,,47.2%,10.0%,"15,640",54%,46%
803,CO,"Congressional District 3 (116th Congress), Colorado",12.0%,"90,570",200%,"SNAP, Other Nutrition Programs",200%,"SNAP, Other Nutrition Programs",77.8%,,22.2%,16.2%,"26,420",79%,21%
804,CO,"Congressional District 4 (116th Congress), Colorado",8.9%,"74,610",200%,"SNAP, Other Nutrition Programs",200%,"SNAP, Other Nutrition Programs",62.4%,,37.6%,11.6%,"24,060",67%,33%
805,CO,"Congressional District 5 (116th Congress), Colorado",11.4%,"92,940",200%,"SNAP, Other Nutrition Programs",200%,"SNAP, Other Nutrition Programs",64.2%,,35.8%,15.7%,"29,530",65%,35%
806,CO,"Congressional District 6 (116th Congress), Colorado",8.5%,"70,630",200%,"SNAP, Other Nutrition Programs",200%,"SNAP, Other Nutrition Programs",62.9%,,37.1%,10.3%,"21,180",64%,36%
807,CO,"Congressional District 7 (116th Congress), Colorado",9.0%,"72,280",200%,"SNAP, Other Nutrition Programs",200%,"SNAP, Other Nutrition Programs",70.8%,,29.2%,10.8%,"19,420",82%,19%
901,CT,"Congressional District 1 (116th Congress), Connecticut",12.4%,"88,550",185%,"SNAP, Other Nutrition Programs",185%,"SNAP, Other Nutrition Programs",63.6%,,36.4%,17.0%,"25,670",69%,31%
902,CT,"Congressional District 2 (116th Congress), Connecticut",11.4%,"79,910",185%,"SNAP, Other Nutrition Programs",185%,"SNAP, Other Nutrition Programs",46.7%,,53.3%,15.5%,"19,990",53%,47%
903,CT,"Congressional District 3 (116th Congress), Connecticut",12.8%,"91,000",185%,"SNAP, Other Nutrition Programs",185%,"SNAP, Other Nutrition Programs",54.0%,,46.0%,17.6%,"23,860",59%,41%
904,CT,"Congressional District 4 (116th Congress), Connecticut",11.8%,"87,060",185%,"SNAP, Other Nutrition Programs",185%,"SNAP, Other Nutrition Programs",55.1%,,44.9%,14.9%,"25,170",62%,38%
905,CT,"Congressional District 5 (116th Congress), Connecticut",11.3%,"80,100",185%,"SNAP, Other Nutrition Programs",185%,"SNAP, Other Nutrition Programs",64.0%,,36.0%,15.2%,"22,970",77%,23%
1000,DE,"Congressional District (at Large) (116th Congress), Delaware",12.6%,"121,850",200%,"SNAP, Other Nutrition Programs",200%,"SNAP, Other Nutrition Programs",63.7%,,36.3%,19.0%,"38,680",69%,31%
1198,DC,"Delegate District (at Large) (116th Congress), District of Columbia",11.6%,"81,400",200%,"SNAP, Other Nutrition Programs",200%,"SNAP, Other Nutrition Programs",70.3%,,29.7%,19.1%,"24,280",74%,26%
1201,FL,"Congressional District 1 (116th Congress), Florida",13.8%,"108,150",200%,"SNAP, Other Nutrition Programs",200%,"SNAP, Other Nutrition Programs",58.7%,,41.3%,21.3%,"35,810",60%,41%
1202,FL,"Congressional District 2 (116th Congress), Florida",15.6%,"114,380",200%,"SNAP, Other Nutrition Programs",200%,"SNAP, Other Nutrition Programs",70.0%,,30.0%,24.3%,"34,590",68%,32%
1203,FL,"Congressional District 3 (116th Congress), Florida",15.7%,"119,350",200%,"SNAP, Other Nutrition Programs",200%,"SNAP, Other Nutrition Programs",68.0%,,32.0%,23.4%,"36,720",66%,34%
1204,FL,"Congressional District 4 (116th Congress), Florida",10.5%,"86,160",200%,"SNAP, Other Nutrition Programs",200%,"SNAP, Other Nutrition Programs",52.9%,,47.1%,15.1%,"25,800",52%,48%
1205,FL,"Congressional District 5 (116th Congress), Florida",19.3%,"142,800",200%,"SNAP, Other Nutrition Programs",200%,"SNAP, Other Nutrition Programs",76.7%,,23.3%,27.7%,"47,100",56%,44%
1206,FL,"Congressional District 6 (116th Congress), Florida",13.2%,"103,150",200%,"SNAP, Other Nutrition Programs",200%,"SNAP, Other Nutrition Programs",69.3%,,30.7%,19.7%,"27,720",64%,37%
1207,FL,"Congressional District 7 (116th Congress), Florida",11.8%,"93,020",200%,"SNAP, Other Nutrition Programs",200%,"SNAP, Other Nutrition Programs",62.1%,,37.9%,16.3%,"24,980",61%,40%
1208,FL,"Congressional District 8 (116th Congress), Florida",12.6%,"96,470",200%,"SNAP, Other Nutrition Programs",200%,"SNAP, Other Nutrition Programs",64.7%,,35.3%,19.1%,"26,240",60%,40%
1209,FL,"Congressional District 9 (116th Congress), Florida",12.2%,"110,030",200%,"SNAP, Other Nutrition Programs",200%,"SNAP, Other Nutrition Programs",88.3%,,11.7%,18.1%,"36,300",79%,22%
1210,FL,"Congressional District 10 (116th Congress), Florida",13.9%,"116,640",200%,"SNAP, Other Nutrition Programs",200%,"SNAP, Other Nutrition Programs",73.4%,,26.6%,20.1%,"40,800",61%,39%
1211,FL,"Congressional District 11 (116th Congress), Florida",14.8%,"116,950",200%,"SNAP, Other Nutrition Programs",200%,"SNAP, Other Nutrition Programs",72.9%,,27.1%,25.1%,"30,310",76%,24%
1212,FL,"Congressional District 12 (116th Congress), Florida",13.0%,"103,350",200%,"SNAP, Other Nutrition Programs",200%,"SNAP, Other Nutrition Programs",63.8%,,36.2%,19.9%,"30,730",65%,35%
1213,FL,"Congressional District 13 (116th Congress), Florida",13.7%,"100,850",200%,"SNAP, Other Nutrition Programs",200%,"SNAP, Other Nutrition Programs",63.7%,,36.3%,20.2%,"23,650",61%,40%
1214,FL,"Congressional District 14 (116th Congress), Florida",13.9%,"109,050",200%,"SNAP, Other Nutrition Programs",200%,"SNAP, Other Nutrition Programs",68.6%,,31.4%,18.9%,"32,490",64%,37%
1215,FL,"Congressional District 15 (116th Congress), Florida",12.9%,"104,580",200%,"SNAP, Other Nutrition Programs",200%,"SNAP, Other Nutrition Programs",71.5%,,28.5%,19.2%,"34,440",66%,34%
1216,FL,"Congressional District 16 (116th Congress), Florida",12.0%,"102,070",200%,"SNAP, Other Nutrition Programs",200%,"SNAP, Other Nutrition Programs",61.8%,,38.2%,18.6%,"29,910",69%,32%
1217,FL,"Congressional District 17 (116th Congress), Florida",13.9%,"109,320",200%,"SNAP, Other Nutrition Programs",200%,"SNAP, Other Nutrition Programs",73.3%,,26.7%,23.2%,"32,250",80%,20%
1218,FL,"Congressional District 18 (116th Congress), Florida",11.3%,"88,460",200%,"SNAP, Other Nutrition Programs",200%,"SNAP, Other Nutrition Programs",64.1%,,35.9%,16.4%,"22,880",55%,46%
1219,FL,"Congressional District 19 (116th Congress), Florida",11.5%,"96,550",200%,"SNAP, Other Nutrition Programs",200%,"SNAP, Other Nutrition Programs",66.3%,,33.7%,17.4%,"24,020",71%,29%
1220,FL,"Congressional District 20 (116th Congress), Florida",16.6%,"134,090",200%,"SNAP, Other Nutrition Programs",200%,"SNAP, Other Nutrition Programs",82.5%,,17.5%,24.7%,"47,610",51%,49%
1221,FL,"Congressional District 21 (116th Congress), Florida",11.5%,"90,420",200%,"SNAP, Other Nutrition Programs",200%,"SNAP, Other Nutrition Programs",70.2%,,29.8%,17.5%,"25,110",67%,33%
1222,FL,"Congressional District 22 (116th Congress), Florida",11.1%,"83,980",200%,"SNAP, Other Nutrition Programs",200%,"SNAP, Other Nutrition Programs",60.2%,,39.8%,15.3%,"20,690",54%,46%
1223,FL,"Congressional District 23 (116th Congress), Florida",10.7%,"80,950",200%,"SNAP, Other Nutrition Programs",200%,"SNAP, Other Nutrition Programs",67.0%,,33.0%,15.0%,"24,360",56%,44%
1224,FL,"Congressional District 24 (116th Congress), Florida",16.0%,"125,350",200%,"SNAP, Other Nutrition Programs",200%,"SNAP, Other Nutrition Programs",93.5%,,6.5%,23.6%,"41,290",58%,42%
1225,FL,"Congressional District 25 (116th Congress), Florida",10.1%,"78,660",200%,"SNAP, Other Nutrition Programs",200%,"SNAP, Other Nutrition Programs",100.0%,,0.0%,15.1%,"21,870",89%,11%
1226,FL,"Congressional District 26 (116th Congress), Florida",9.8%,"77,280",200%,"SNAP, Other Nutrition Programs",200%,"SNAP, Other Nutrition Programs",98.6%,,1.4%,15.0%,"26,080",84%,16%
1227,FL,"Congressional District 27 (116th Congress), Florida",10.0%,"76,420",200%,"SNAP, Other Nutrition Programs",200%,"SNAP, Other Nutrition Programs",84.4%,,15.6%,11.5%,"15,620",85%,16%
1301,GA,"Congressional District 1 (116th Congress), Georgia",14.1%,"105,150",130%,SNAP,185%,Other Nutrition Program,45.6%,18.6%,35.8%,18.7%,"32,640",70%,30%
1302,GA,"Congressional District 2 (116th Congress), Georgia",20.3%,"135,140",130%,SNAP,185%,Other Nutrition Program,61.2%,9.3%,29.5%,28.9%,"44,610",67%,34%
1303,GA,"Congressional District 3 (116th Congress), Georgia",11.8%,"87,360",130%,SNAP,185%,Other Nutrition Program,43.6%,17.7%,38.7%,14.9%,"26,140",70%,30%
1304,GA,"Congressional District 4 (116th Congress), Georgia",12.6%,"98,630",130%,SNAP,185%,Other Nutrition Program,53.6%,11.9%,34.5%,16.3%,"31,610",57%,43%
1305,GA,"Congressional District 5 (116th Congress), Georgia",15.7%,"124,850",130%,SNAP,185%,Other Nutrition Program,57.4%,5.0%,37.7%,19.7%,"33,070",53%,48%
1306,GA,"Congressional District 6 (116th Congress), Georgia",7.0%,"52,500",130%,SNAP,185%,Other Nutrition Program,27.8%,16.7%,55.5%,6.5%,"11,620",80%,20%
1307,GA,"Congressional District 7 (116th Congress), Georgia",7.8%,"62,470",130%,SNAP,185%,Other Nutrition Program,35.0%,25.2%,39.8%,8.5%,"18,270",87%,13%
1308,GA,"Congressional District 8 (116th Congress), Georgia",15.2%,"108,420",130%,SNAP,185%,Other Nutrition Program,52.2%,13.5%,34.3%,20.2%,"34,050",66%,34%
1309,GA,"Congressional District 9 (116th Congress), Georgia",11.1%,"84,770",130%,SNAP,185%,Other Nutrition Program,40.9%,26.8%,32.3%,15.8%,"27,100",91%,9%
1310,GA,"Congressional District 10 (116th Congress), Georgia",12.3%,"94,200",130%,SNAP,185%,Other Nutrition Program,43.9%,15.2%,40.9%,16.0%,"28,850",64%,36%
1311,GA,"Congressional District 11 (116th Congress), Georgia",9.5%,"73,880",130%,SNAP,185%,Other Nutrition Program,32.9%,19.4%,47.7%,11.2%,"20,210",64%,36%
1312,GA,"Congressional District 12 (116th Congress), Georgia",15.9%,"115,220",130%,SNAP,185%,Other Nutrition Program,53.3%,14.3%,32.3%,21.7%,"36,650",69%,31%
1313,GA,"Congressional District 13 (116th Congress), Georgia",11.9%,"90,010",130%,SNAP,185%,Other Nutrition Program,51.0%,16.0%,33.0%,16.3%,"32,120",53%,47%
1314,GA,"Congressional District 14 (116th Congress), Georgia",11.9%,"85,900",130%,SNAP,185%,Other Nutrition Program,42.9%,26.3%,30.8%,16.3%,"28,440",85%,15%
1501,HI,"Congressional District 1 (116th Congress), Hawaii",10.7%,"75,780",200%,"SNAP, Other Nutrition Programs",200%,"SNAP, Other Nutrition Programs",47.9%,,52.1%,16.9%,"24,220",45%,55%
1502,HI,"Congressional District 2 (116th Congress), Hawaii",11.7%,"83,260",200%,"SNAP, Other Nutrition Programs",200%,"SNAP, Other Nutrition Programs",57.0%,,43.0%,19.7%,"31,490",53%,47%
1601,ID,"Congressional District 1 (116th Congress), Idaho",10.2%,"92,780",130%,SNAP,185%,Other Nutrition Program,46.3%,20.5%,33.2%,11.7%,"26,280",70%,31%
1602,ID,"Congressional District 2 (116th Congress), Idaho",11.6%,"97,190",130%,SNAP,185%,Other Nutrition Program,50.6%,18.3%,31.1%,13.6%,"29,840",76%,24%
1701,IL,"Congressional District 1 (116th Congress), Illinois",15.2%,"107,630",165%,SNAP,185%,Other Nutrition Program,68.3%,31.7%,0.0%,20.9%,"32,360",48%,52%
1702,IL,"Congressional District 2 (116th Congress), Illinois",15.5%,"107,470",165%,SNAP,185%,Other Nutrition Program,80.7%,19.3%,0.0%,21.6%,"36,620",51%,49%
1703,IL,"Congressional District 3 (116th Congress), Illinois",8.4%,"59,480",165%,SNAP,185%,Other Nutrition Program,60.9%,10.7%,28.3%,11.2%,"18,520",88%,12%
1704,IL,"Congressional District 4 (116th Congress), Illinois",8.7%,"61,390",165%,SNAP,185%,Other Nutrition Program,84.9%,12.5%,2.7%,10.1%,"17,040",100%,0%
1705,IL,"Congressional District 5 (116th Congress), Illinois",7.2%,"53,580",165%,SNAP,185%,Other Nutrition Program,44.0%,7.4%,48.6%,6.1%,"8,310",86%,15%
1706,IL,"Congressional District 6 (116th Congress), Illinois",5.2%,"38,250",165%,SNAP,185%,Other Nutrition Program,38.6%,8.3%,53.1%,5.6%,"9,470",66%,34%
1707,IL,"Congressional District 7 (116th Congress), Illinois",16.3%,"115,050",165%,SNAP,185%,Other Nutrition Program,74.6%,25.4%,0.0%,20.4%,"27,360",57%,43%
1708,IL,"Congressional District 8 (116th Congress), Illinois",6.6%,"46,780",165%,SNAP,185%,Other Nutrition Program,58.9%,11.2%,29.9%,7.9%,"13,150",98%,3%
1709,IL,"Congressional District 9 (116th Congress), Illinois",9.5%,"68,240",165%,SNAP,185%,Other Nutrition Program,48.5%,4.7%,46.8%,9.9%,"15,580",69%,31%
1710,IL,"Congressional District 10 (116th Congress), Illinois",7.4%,"52,980",165%,SNAP,185%,Other Nutrition Program,55.4%,8.8%,35.8%,8.5%,"14,130",92%,8%
1711,IL,"Congressional District 11 (116th Congress), Illinois",7.1%,"51,060",165%,SNAP,185%,Other Nutrition Program,61.1%,6.0%,32.9%,8.8%,"15,650",85%,15%
1712,IL,"Congressional District 12 (116th Congress), Illinois",13.8%,"94,680",165%,SNAP,185%,Other Nutrition Program,61.1%,2.9%,36.0%,19.4%,"29,150",65%,35%
1713,IL,"Congressional District 13 (116th Congress), Illinois",13.0%,"91,420",165%,SNAP,185%,Other Nutrition Program,55.4%,3.8%,40.8%,16.1%,"22,710",68%,32%
1714,IL,"Congressional District 14 (116th Congress), Illinois",5.1%,"37,540",165%,SNAP,185%,Other Nutrition Program,39.0%,11.2%,49.8%,6.3%,"11,980",62%,38%
1715,IL,"Congressional District 15 (116th Congress), Illinois",11.8%,"81,730",165%,SNAP,185%,Other Nutrition Program,53.0%,8.1%,38.9%,16.8%,"25,790",70%,30%
1716,IL,"Congressional District 16 (116th Congress), Illinois",9.4%,"64,670",165%,SNAP,185%,Other Nutrition Program,49.2%,9.9%,40.9%,12.8%,"18,700",71%,29%
1717,IL,"Congressional District 17 (116th Congress), Illinois",13.3%,"90,560",165%,SNAP,185%,Other Nutrition Program,63.8%,4.9%,31.3%,20.0%,"30,020",77%,23%
1718,IL,"Congressional District 18 (116th Congress), Illinois",8.7%,"61,040",165%,SNAP,185%,Other Nutrition Program,48.6%,8.2%,43.2%,11.0%,"17,360",69%,31%
1801,IN,"Congressional District 1 (116th Congress), Indiana",13.3%,"94,910",130%,SNAP,185%,Other Nutrition Program,53.2%,14.7%,32.1%,18.7%,"30,140",66%,34%
1802,IN,"Congressional District 2 (116th Congress), Indiana",12.8%,"92,610",130%,SNAP,185%,Other Nutrition Program,54.2%,18.6%,27.2%,17.1%,"30,390",84%,16%
1803,IN,"Congressional District 3 (116th Congress), Indiana",11.7%,"87,370",130%,SNAP,185%,Other Nutrition Program,52.2%,17.8%,30.0%,16.2%,"30,830",78%,22%
1804,IN,"Congressional District 4 (116th Congress), Indiana",12.1%,"93,030",130%,SNAP,185%,Other Nutrition Program,44.9%,18.6%,36.5%,14.9%,"25,840",74%,26%
1805,IN,"Congressional District 5 (116th Congress), Indiana",11.0%,"86,270",130%,SNAP,185%,Other Nutrition Program,40.3%,14.3%,45.4%,13.8%,"26,000",61%,39%
1806,IN,"Congressional District 6 (116th Congress), Indiana",13.9%,"99,740",130%,SNAP,185%,Other Nutrition Program,51.1%,16.6%,32.3%,19.1%,"30,160",75%,25%
1807,IN,"Congressional District 7 (116th Congress), Indiana",17.3%,"131,430",130%,SNAP,185%,Other Nutrition Program,66.0%,14.8%,19.2%,22.7%,"44,030",71%,29%
1808,IN,"Congressional District 8 (116th Congress), Indiana",13.8%,"99,150",130%,SNAP,185%,Other Nutrition Program,49.9%,17.1%,33.0%,18.3%,"29,220",74%,26%
1809,IN,"Congressional District 9 (116th Congress), Indiana",13.1%,"98,750",130%,SNAP,185%,Other Nutrition Program,45.9%,15.8%,38.3%,16.7%,"27,470",66%,34%
1901,IA,"Congressional District 1 (116th Congress), Iowa",9.4%,"72,800",160%,SNAP,185%,Other Nutrition Program,53.1%,4.0%,42.9%,13.9%,"24,430",59%,41%
1902,IA,"Congressional District 2 (116th Congress), Iowa",10.7%,"84,080",160%,SNAP,185%,Other Nutrition Program,55.3%,4.7%,40.0%,15.9%,"28,380",63%,37%
1903,IA,"Congressional District 3 (116th Congress), Iowa",9.0%,"76,020",160%,SNAP,185%,Other Nutrition Program,51.2%,4.2%,44.6%,12.6%,"26,420",62%,39%
1904,IA,"Congressional District 4 (116th Congress), Iowa",9.6%,"72,200",160%,SNAP,185%,Other Nutrition Program,54.0%,6.8%,39.2%,13.5%,"22,960",68%,32%
2001,KS,"Congressional District 1 (116th Congress), Kansas",12.8%,"89,240",130%,SNAP,185%,Other Nutrition Program,44.7%,22.6%,32.7%,17.9%,"29,790",75%,25%
2002,KS,"Congressional District 2 (116th Congress), Kansas",14.3%,"101,770",130%,SNAP,185%,Other Nutrition Program,44.0%,14.0%,42.0%,20.9%,"33,640",59%,41%
2003,KS,"Congressional District 3 (116th Congress), Kansas",10.4%,"80,380",130%,SNAP,185%,Other Nutrition Program,35.4%,11.4%,53.2%,15.2%,"29,670",52%,48%
2004,KS,"Congressional District 4 (116th Congress), Kansas",13.4%,"97,380",130%,SNAP,185%,Other Nutrition Program,46.4%,18.6%,35.0%,20.1%,"36,680",68%,32%
2101,KY,"Congressional District 1 (116th Congress), Kentucky",15.7%,"113,340",130%,SNAP,185%,Other Nutrition Program,55.9%,15.1%,29.0%,21.0%,"34,040",73%,27%
2102,KY,"Congressional District 2 (116th Congress), Kentucky",13.7%,"105,830",130%,SNAP,185%,Other Nutrition Program,51.3%,15.5%,33.2%,17.1%,"30,580",71%,29%
2103,KY,"Congressional District 3 (116th Congress), Kentucky",14.0%,"104,750",130%,SNAP,185%,Other Nutrition Program,53.6%,7.9%,38.4%,17.8%,"29,460",58%,43%
2104,KY,"Congressional District 4 (116th Congress), Kentucky",11.8%,"89,370",130%,SNAP,185%,Other Nutrition Program,44.1%,14.4%,41.5%,14.5%,"25,700",68%,32%
2105,KY,"Congressional District 5 (116th Congress), Kentucky",20.0%,"139,240",130%,SNAP,185%,Other Nutrition Program,66.1%,12.3%,21.6%,27.1%,"41,850",77%,23%
2106,KY,"Congressional District 6 (116th Congress), Kentucky",14.1%,"110,130",130%,SNAP,185%,Other Nutrition Program,49.7%,14.0%,36.3%,17.0%,"28,970",69%,31%
2201,LA,"Congressional District 1 (116th Congress), Louisiana",12.9%,"104,320",130%,SNAP,185%,Other Nutrition Program,44.6%,16.9%,38.4%,19.9%,"36,660",71%,29%
2202,LA,"Congressional District 2 (116th Congress), Louisiana",20.3%,"161,130",130%,SNAP,185%,Other Nutrition Program,70.5%,4.5%,25.0%,30.9%,"55,650",68%,32%
2203,LA,"Congressional District 3 (116th Congress), Louisiana",15.4%,"120,820",130%,SNAP,185%,Other Nutrition Program,54.1%,16.7%,29.2%,23.5%,"45,370",78%,22%
2204,LA,"Congressional District 4 (116th Congress), Louisiana",18.2%,"135,820",130%,SNAP,185%,Other Nutrition Program,62.2%,10.5%,27.3%,27.8%,"49,870",78%,22%
2205,LA,"Congressional District 5 (116th Congress), Louisiana",18.2%,"134,420",130%,SNAP,185%,Other Nutrition Program,61.9%,7.6%,30.4%,27.7%,"49,010",75%,25%
2206,LA,"Congressional District 6 (116th Congress), Louisiana",12.1%,"95,410",130%,SNAP,185%,Other Nutrition Program,43.7%,16.6%,39.7%,17.9%,"33,090",67%,33%
2301,ME,"Congressional District 1 (116th Congress), Maine",10.8%,"74,120",185%,"SNAP, Other Nutrition Programs",185%,"SNAP, Other Nutrition Programs",51.8%,,48.2%,14.9%,"19,060",51%,50%
2302,ME,"Congressional District 2 (116th Congress), Maine",15.2%,"98,960",185%,"SNAP, Other Nutrition Programs",185%,"SNAP, Other Nutrition Programs",68.2%,,31.8%,23.5%,"28,400",72%,29%
2401,MD,"Congressional District 1 (116th Congress), Maryland",10.7%,"79,440",200%,"SNAP, Other Nutrition Programs",200%,"SNAP, Other Nutrition Programs",61.6%,,38.4%,17.1%,"27,080",67%,33%
2402,MD,"Congressional District 2 (116th Congress), Maryland",12.6%,"97,140",200%,"SNAP, Other Nutrition Programs",200%,"SNAP, Other Nutrition Programs",64.8%,,35.2%,19.2%,"33,120",64%,37%
2403,MD,"Congressional District 3 (116th Congress), Maryland",10.0%,"75,530",200%,"SNAP, Other Nutrition Programs",200%,"SNAP, Other Nutrition Programs",54.4%,,45.6%,14.1%,"22,740",58%,42%
2404,MD,"Congressional District 4 (116th Congress), Maryland",11.4%,"86,680",200%,"SNAP, Other Nutrition Programs",200%,"SNAP, Other Nutrition Programs",65.1%,,34.9%,17.0%,"30,550",58%,42%
2405,MD,"Congressional District 5 (116th Congress), Maryland",9.2%,"69,510",200%,"SNAP, Other Nutrition Programs",200%,"SNAP, Other Nutrition Programs",53.8%,,46.2%,13.8%,"22,690",45%,55%
2406,MD,"Congressional District 6 (116th Congress), Maryland",11.0%,"83,630",200%,"SNAP, Other Nutrition Programs",200%,"SNAP, Other Nutrition Programs",65.2%,,34.8%,16.3%,"28,510",67%,34%
2407,MD,"Congressional District 7 (116th Congress), Maryland",15.5%,"110,730",200%,"SNAP, Other Nutrition Programs",200%,"SNAP, Other Nutrition Programs",71.7%,,28.3%,21.3%,"32,230",58%,42%
2408,MD,"Congressional District 8 (116th Congress), Maryland",8.2%,"64,450",200%,"SNAP, Other Nutrition Programs",200%,"SNAP, Other Nutrition Programs",52.2%,,47.8%,11.0%,"19,150",58%,42%
2501,MA,"Congressional District 1 (116th Congress), Massachusetts",10.7%,"78,710",200%,"SNAP, Other Nutrition Programs",200%,"SNAP, Other Nutrition Programs",79.1%,,20.9%,14.0%,"21,110",76%,24%
2502,MA,"Congressional District 2 (116th Congress), Massachusetts",8.8%,"65,840",200%,"SNAP, Other Nutrition Programs",200%,"SNAP, Other Nutrition Programs",68.1%,,31.9%,9.8%,"14,010",72%,28%
2503,MA,"Congressional District 3 (116th Congress), Massachusetts",9.1%,"69,940",200%,"SNAP, Other Nutrition Programs",200%,"SNAP, Other Nutrition Programs",71.6%,,28.4%,11.3%,"19,510",79%,21%
2504,MA,"Congressional District 4 (116th Congress), Massachusetts",7.0%,"53,890",200%,"SNAP, Other Nutrition Programs",200%,"SNAP, Other Nutrition Programs",53.0%,,47.0%,7.6%,"12,760",63%,37%
2505,MA,"Congressional District 5 (116th Congress), Massachusetts",6.9%,"53,710",200%,"SNAP, Other Nutrition Programs",200%,"SNAP, Other Nutrition Programs",57.6%,,42.4%,6.0%,"8,940",74%,27%
2506,MA,"Congressional District 6 (116th Congress), Massachusetts",7.5%,"58,280",200%,"SNAP, Other Nutrition Programs",200%,"SNAP, Other Nutrition Programs",61.2%,,38.8%,8.3%,"13,170",71%,29%
2507,MA,"Congressional District 7 (116th Congress), Massachusetts",13.7%,"112,680",200%,"SNAP, Other Nutrition Programs",200%,"SNAP, Other Nutrition Programs",75.0%,,25.0%,15.6%,"21,340",71%,29%
2508,MA,"Congressional District 8 (116th Congress), Massachusetts",8.1%,"61,830",200%,"SNAP, Other Nutrition Programs",200%,"SNAP, Other Nutrition Programs",58.2%,,41.8%,8.8%,"12,890",62%,38%
2509,MA,"Congressional District 9 (116th Congress), Massachusetts",8.4%,"62,500",200%,"SNAP, Other Nutrition Programs",200%,"SNAP, Other Nutrition Programs",73.3%,,26.7%,10.6%,"15,030",81%,19%
2601,MI,"Congressional District 1 (116th Congress), Michigan",13.0%,"91,210",200%,"SNAP, Other Nutrition Programs",200%,"SNAP, Other Nutrition Programs",68.5%,,31.5%,14.4%,"18,510",80%,20%
2602,MI,"Congressional District 2 (116th Congress), Michigan",11.1%,"82,490",200%,"SNAP, Other Nutrition Programs",200%,"SNAP, Other Nutrition Programs",68.4%,,31.6%,10.2%,"17,450",82%,18%
2603,MI,"Congressional District 3 (116th Congress), Michigan",11.9%,"89,110",200%,"SNAP, Other Nutrition Programs",200%,"SNAP, Other Nutrition Programs",66.6%,,33.4%,12.2%,"22,020",77%,23%
2604,MI,"Congressional District 4 (116th Congress), Michigan",13.5%,"94,930",200%,"SNAP, Other Nutrition Programs",200%,"SNAP, Other Nutrition Programs",68.9%,,31.1%,14.1%,"20,160",78%,22%
2605,MI,"Congressional District 5 (116th Congress), Michigan",16.9%,"113,340",200%,"SNAP, Other Nutrition Programs",200%,"SNAP, Other Nutrition Programs",75.8%,,24.2%,21.3%,"31,160",71%,29%
2606,MI,"Congressional District 6 (116th Congress), Michigan",13.1%,"94,350",200%,"SNAP, Other Nutrition Programs",200%,"SNAP, Other Nutrition Programs",69.9%,,30.1%,13.9%,"22,440",77%,23%
2607,MI,"Congressional District 7 (116th Congress), Michigan",11.9%,"84,250",200%,"SNAP, Other Nutrition Programs",200%,"SNAP, Other Nutrition Programs",63.6%,,36.4%,13.0%,"19,740",78%,22%
2608,MI,"Congressional District 8 (116th Congress), Michigan",11.2%,"83,860",200%,"SNAP, Other Nutrition Programs",200%,"SNAP, Other Nutrition Programs",52.9%,,47.1%,9.8%,"16,230",66%,34%
2609,MI,"Congressional District 9 (116th Congress), Michigan",13.3%,"94,920",200%,"SNAP, Other Nutrition Programs",200%,"SNAP, Other Nutrition Programs",62.7%,,37.3%,14.7%,"20,340",65%,35%
2610,MI,"Congressional District 10 (116th Congress), Michigan",11.4%,"82,170",200%,"SNAP, Other Nutrition Programs",200%,"SNAP, Other Nutrition Programs",59.4%,,40.6%,12.1%,"18,820",76%,24%
2611,MI,"Congressional District 11 (116th Congress), Michigan",8.6%,"62,890",200%,"SNAP, Other Nutrition Programs",200%,"SNAP, Other Nutrition Programs",46.0%,,54.0%,6.3%,"9,900",69%,31%
2612,MI,"Congressional District 12 (116th Congress), Michigan",14.4%,"102,160",200%,"SNAP, Other Nutrition Programs",200%,"SNAP, Other Nutrition Programs",63.5%,,36.5%,15.2%,"22,210",73%,27%
2613,MI,"Congressional District 13 (116th Congress), Michigan",22.8%,"151,660",200%,"SNAP, Other Nutrition Programs",200%,"SNAP, Other Nutrition Programs",90.0%,,10.0%,27.9%,"45,290",61%,39%
2614,MI,"Congressional District 14 (116th Congress), Michigan",18.8%,"132,310",200%,"SNAP, Other Nutrition Programs",200%,"SNAP, Other Nutrition Programs",76.0%,,24.0%,22.1%,"34,690",49%,51%
2701,MN,"Congressional District 1 (116th Congress), Minnesota",8.1%,"54,610",165%,SNAP,185%,Other Nutrition Program,64.4%,6.6%,29.0%,11.7%,"18,230",91%,9%
2702,MN,"Congressional District 2 (116th Congress), Minnesota",6.1%,"43,540",165%,SNAP,185%,Other Nutrition Program,48.6%,3.6%,47.8%,10.0%,"17,680",56%,44%
2703,MN,"Congressional District 3 (116th Congress), Minnesota",5.9%,"42,740",165%,SNAP,185%,Other Nutrition Program,46.3%,3.3%,50.3%,8.8%,"15,080",57%,43%
2704,MN,"Congressional District 4 (116th Congress), Minnesota",9.3%,"66,400",165%,SNAP,185%,Other Nutrition Program,59.4%,1.6%,39.0%,13.9%,"23,660",79%,21%
2705,MN,"Congressional District 5 (116th Congress), Minnesota",11.0%,"78,980",165%,SNAP,185%,Other Nutrition Program,69.5%,30.5%,0.0%,14.4%,"21,490",79%,21%
2706,MN,"Congressional District 6 (116th Congress), Minnesota",6.7%,"48,150",165%,SNAP,185%,Other Nutrition Program,49.4%,3.5%,47.1%,11.1%,"20,180",57%,43%
2707,MN,"Congressional District 7 (116th Congress), Minnesota",8.8%,"58,330",165%,SNAP,185%,Other Nutrition Program,64.8%,7.0%,28.1%,14.2%,"22,190",84%,16%
2708,MN,"Congressional District 8 (116th Congress), Minnesota",10.2%,"68,450",165%,SNAP,185%,Other Nutrition Program,61.3%,7.4%,31.3%,16.6%,"23,370",79%,21%
2801,MS,"Congressional District 1 (116th Congress), Mississippi",16.4%,"126,470",130%,SNAP,185%,Other Nutrition Program,44.7%,16.8%,38.4%,19.6%,"35,450",77%,23%
2802,MS,"Congressional District 2 (116th Congress), Mississippi",22.2%,"154,510",130%,SNAP,185%,Other Nutrition Program,66.0%,5.5%,28.5%,28.6%,"48,110",62%,38%
2803,MS,"Congressional District 3 (116th Congress), Mississippi",17.3%,"129,340",130%,SNAP,185%,Other Nutrition Program,50.0%,12.9%,37.1%,19.9%,"34,470",69%,31%
2804,MS,"Congressional District 4 (116th Congress), Mississippi",19.2%,"149,030",130%,SNAP,185%,Other Nutrition Program,49.2%,13.6%,37.2%,24.1%,"44,120",84%,17%
2901,MO,"Congressional District 1 (116th Congress), Missouri",17.5%,"127,330",130%,SNAP,185%,Other Nutrition Program,62.9%,1.0%,36.2%,21.5%,"33,420",42%,58%
2902,MO,"Congressional District 2 (116th Congress), Missouri",8.4%,"63,960",130%,SNAP,185%,Other Nutrition Program,23.5%,11.1%,65.4%,7.8%,"12,980",48%,52%
2903,MO,"Congressional District 3 (116th Congress), Missouri",10.7%,"84,580",130%,SNAP,185%,Other Nutrition Program,34.6%,14.7%,50.7%,12.8%,"23,270",62%,38%
2904,MO,"Congressional District 4 (116th Congress), Missouri",14.1%,"108,930",130%,SNAP,185%,Other Nutrition Program,45.1%,18.6%,36.3%,15.9%,"27,190",78%,22%
2905,MO,"Congressional District 5 (116th Congress), Missouri",13.9%,"107,100",130%,SNAP,185%,Other Nutrition Program,49.9%,12.7%,37.3%,15.3%,"26,760",62%,38%
2906,MO,"Congressional District 6 (116th Congress), Missouri",11.0%,"85,880",130%,SNAP,185%,Other Nutrition Program,41.2%,14.1%,44.7%,11.8%,"22,020",73%,27%
2907,MO,"Congressional District 7 (116th Congress), Missouri",14.3%,"112,190",130%,SNAP,185%,Other Nutrition Program,50.2%,16.8%,33.0%,16.1%,"28,670",85%,15%
2908,MO,"Congressional District 8 (116th Congress), Missouri",16.8%,"123,870",130%,SNAP,185%,Other Nutrition Program,55.0%,15.7%,29.3%,21.5%,"35,560",77%,23%
3000,MT,"Congressional District (at Large) (116th Congress), Montana",10.3%,"109,150",200%,"SNAP, Other Nutrition Programs",200%,"SNAP, Other Nutrition Programs",68.5%,,31.5%,15.9%,"36,560",68%,32%
3101,NE,"Congressional District 1 (116th Congress), Nebraska",12.2%,"79,990",130%,SNAP,185%,Other Nutrition Program,43.5%,11.8%,44.7%,16.4%,"25,700",63%,38%
3102,NE,"Congressional District 2 (116th Congress), Nebraska",11.9%,"80,260",130%,SNAP,185%,Other Nutrition Program,40.3%,12.7%,47.0%,15.6%,"27,380",55%,45%
3103,NE,"Congressional District 3 (116th Congress), Nebraska",12.8%,"77,190",130%,SNAP,185%,Other Nutrition Program,47.8%,18.7%,33.4%,18.3%,"26,230",76%,24%
3201,NV,"Congressional District 1 (116th Congress), Nevada",17.0%,"116,590",200%,"SNAP, Other Nutrition Programs",200%,"SNAP, Other Nutrition Programs",92.1%,,7.9%,24.4%,"37,030",82%,19%
3202,NV,"Congressional District 2 (116th Congress), Nevada",11.1%,"81,070",200%,"SNAP, Other Nutrition Programs",200%,"SNAP, Other Nutrition Programs",61.5%,,38.5%,16.9%,"26,720",59%,41%
3203,NV,"Congressional District 3 (116th Congress), Nevada",10.7%,"90,910",200%,"SNAP, Other Nutrition Programs",200%,"SNAP, Other Nutrition Programs",55.5%,,44.5%,16.7%,"30,600",52%,48%
3204,NV,"Congressional District 4 (116th Congress), Nevada",12.9%,"99,850",200%,"SNAP, Other Nutrition Programs",200%,"SNAP, Other Nutrition Programs",72.1%,,27.9%,20.4%,"40,000",62%,38%
3301,NH,"Congressional District 1 (116th Congress), New Hampshire",9.4%,"64,460",185%,"SNAP, Other Nutrition Programs",185%,"SNAP, Other Nutrition Programs",50.1%,,49.9%,13.6%,"17,930",62%,38%
3302,NH,"Congressional District 2 (116th Congress), New Hampshire",9.1%,"61,130",185%,"SNAP, Other Nutrition Programs",185%,"SNAP, Other Nutrition Programs",48.0%,,52.0%,13.0%,"16,350",53%,47%
3401,NJ,"Congressional District 1 (116th Congress), New Jersey",10.9%,"79,830",185%,"SNAP, Other Nutrition Programs",185%,"SNAP, Other Nutrition Programs",66.4%,,33.6%,15.3%,"24,980",67%,33%
3402,NJ,"Congressional District 2 (116th Congress), New Jersey",10.9%,"76,850",185%,"SNAP, Other Nutrition Programs",185%,"SNAP, Other Nutrition Programs",71.7%,,28.3%,16.4%,"23,690",80%,20%
3403,NJ,"Congressional District 3 (116th Congress), New Jersey",7.7%,"56,860",185%,"SNAP, Other Nutrition Programs",185%,"SNAP, Other Nutrition Programs",55.2%,,44.8%,10.8%,"16,680",59%,41%
3404,NJ,"Congressional District 4 (116th Congress), New Jersey",7.4%,"55,220",185%,"SNAP, Other Nutrition Programs",185%,"SNAP, Other Nutrition Programs",66.3%,,33.7%,10.6%,"18,910",87%,13%
3405,NJ,"Congressional District 5 (116th Congress), New Jersey",5.6%,"40,950",185%,"SNAP, Other Nutrition Programs",185%,"SNAP, Other Nutrition Programs",50.4%,,49.6%,6.6%,"10,420",54%,46%
3406,NJ,"Congressional District 6 (116th Congress), New Jersey",8.8%,"64,300",185%,"SNAP, Other Nutrition Programs",185%,"SNAP, Other Nutrition Programs",62.4%,,37.6%,11.5%,"17,890",75%,25%
3407,NJ,"Congressional District 7 (116th Congress), New Jersey",5.3%,"38,390",185%,"SNAP, Other Nutrition Programs",185%,"SNAP, Other Nutrition Programs",51.0%,,49.0%,6.0%,"9,790",65%,35%
3408,NJ,"Congressional District 8 (116th Congress), New Jersey",9.7%,"74,080",185%,"SNAP, Other Nutrition Programs",185%,"SNAP, Other Nutrition Programs",92.9%,,7.1%,10.4%,"17,200",100%,0%
3409,NJ,"Congressional District 9 (116th Congress), New Jersey",9.4%,"72,040",185%,"SNAP, Other Nutrition Programs",185%,"SNAP, Other Nutrition Programs",78.9%,,21.1%,11.2%,"19,040",97%,3%
3410,NJ,"Congressional District 10 (116th Congress), New Jersey",14.4%,"109,630",185%,"SNAP, Other Nutrition Programs",185%,"SNAP, Other Nutrition Programs",73.3%,,26.7%,18.2%,"31,870",62%,38%
3411,NJ,"Congressional District 11 (116th Congress), New Jersey",5.8%,"43,410",185%,"SNAP, Other Nutrition Programs",185%,"SNAP, Other Nutrition Programs",43.1%,,56.9%,7.6%,"11,990",54%,46%
3412,NJ,"Congressional District 12 (116th Congress), New Jersey",8.4%,"63,300",185%,"SNAP, Other Nutrition Programs",185%,"SNAP, Other Nutrition Programs",58.5%,,41.5%,10.4%,"17,300",71%,29%
3501,NM,"Congressional District 1 (116th Congress), New Mexico",14.0%,"97,540",165%,SNAP,185%,Other Nutrition Program,67.2%,2.6%,30.2%,22.0%,"32,140",65%,35%
3502,NM,"Congressional District 2 (116th Congress), New Mexico",15.8%,"110,480",165%,SNAP,185%,Other Nutrition Program,79.0%,3.5%,17.4%,24.2%,"41,310",76%,24%
3503,NM,"Congressional District 3 (116th Congress), New Mexico",15.5%,"107,970",165%,SNAP,185%,Other Nutrition Program,67.4%,5.9%,26.7%,24.9%,"40,730",74%,26%
3601,NY,"Congressional District 1 (116th Congress), New York",6.5%,"46,430",200%,"SNAP, Other Nutrition Programs",200%,"SNAP, Other Nutrition Programs",61.7%,,38.3%,11.7%,"17,730",62%,38%
3602,NY,"Congressional District 2 (116th Congress), New York",5.8%,"41,250",200%,"SNAP, Other Nutrition Programs",200%,"SNAP, Other Nutrition Programs",68.3%,,31.7%,9.7%,"14,570",58%,42%
3603,NY,"Congressional District 3 (116th Congress), New York",5.1%,"36,240",200%,"SNAP, Other Nutrition Programs",200%,"SNAP, Other Nutrition Programs",56.5%,,43.5%,9.0%,"12,900",49%,51%
3604,NY,"Congressional District 4 (116th Congress), New York",5.3%,"38,850",200%,"SNAP, Other Nutrition Programs",200%,"SNAP, Other Nutrition Programs",72.0%,,28.0%,9.1%,"14,650",67%,33%
3605,NY,"Congressional District 5 (116th Congress), New York",11.1%,"84,180",200%,"SNAP, Other Nutrition Programs",200%,"SNAP, Other Nutrition Programs",74.0%,,26.0%,17.0%,"28,000",54%,46%
3606,NY,"Congressional District 6 (116th Congress), New York",10.0%,"73,200",200%,"SNAP, Other Nutrition Programs",200%,"SNAP, Other Nutrition Programs",77.7%,,22.3%,14.3%,"19,480",90%,10%
3607,NY,"Congressional District 7 (116th Congress), New York",13.8%,"99,510",200%,"SNAP, Other Nutrition Programs",200%,"SNAP, Other Nutrition Programs",83.0%,,17.0%,19.2%,"32,440",95%,5%
3608,NY,"Congressional District 8 (116th Congress), New York",14.9%,"118,150",200%,"SNAP, Other Nutrition Programs",200%,"SNAP, Other Nutrition Programs",79.2%,,20.8%,19.6%,"33,320",57%,43%
3609,NY,"Congressional District 9 (116th Congress), New York",12.7%,"92,690",200%,"SNAP, Other Nutrition Programs",200%,"SNAP, Other Nutrition Programs",72.0%,,28.0%,16.1%,"24,820",59%,41%
3610,NY,"Congressional District 10 (116th Congress), New York",12.1%,"86,180",200%,"SNAP, Other Nutrition Programs",200%,"SNAP, Other Nutrition Programs",63.9%,,36.1%,17.5%,"24,430",94%,7%
3611,NY,"Congressional District 11 (116th Congress), New York",10.1%,"74,200",200%,"SNAP, Other Nutrition Programs",200%,"SNAP, Other Nutrition Programs",67.1%,,32.9%,15.2%,"24,520",72%,28%
3612,NY,"Congressional District 12 (116th Congress), New York",9.6%,"67,120",200%,"SNAP, Other Nutrition Programs",200%,"SNAP, Other Nutrition Programs",45.1%,,54.9%,8.5%,"6,690",64%,36%
3613,NY,"Congressional District 13 (116th Congress), New York",17.1%,"135,770",200%,"SNAP, Other Nutrition Programs",200%,"SNAP, Other Nutrition Programs",95.0%,,5.0%,21.9%,"34,900",83%,17%
3614,NY,"Congressional District 14 (116th Congress), New York",11.0%,"78,020",200%,"SNAP, Other Nutrition Programs",200%,"SNAP, Other Nutrition Programs",94.8%,,5.2%,15.1%,"22,530",100%,0%
3615,NY,"Congressional District 15 (116th Congress), New York",22.3%,"166,010",200%,"SNAP, Other Nutrition Programs",200%,"SNAP, Other Nutrition Programs",100.0%,,0.0%,30.6%,"61,640",85%,15%
3616,NY,"Congressional District 16 (116th Congress), New York",11.7%,"86,110",200%,"SNAP, Other Nutrition Programs",200%,"SNAP, Other Nutrition Programs",68.7%,,31.3%,16.6%,"26,620",57%,43%
3617,NY,"Congressional District 17 (116th Congress), New York",8.4%,"62,340",200%,"SNAP, Other Nutrition Programs",200%,"SNAP, Other Nutrition Programs",69.6%,,30.4%,14.4%,"25,810",81%,19%
3618,NY,"Congressional District 18 (116th Congress), New York",8.5%,"61,500",200%,"SNAP, Other Nutrition Programs",200%,"SNAP, Other Nutrition Programs",66.9%,,33.1%,14.4%,"23,750",68%,32%
3619,NY,"Congressional District 19 (116th Congress), New York",10.8%,"75,940",200%,"SNAP, Other Nutrition Programs",200%,"SNAP, Other Nutrition Programs",69.3%,,30.7%,18.0%,"23,070",78%,22%
3620,NY,"Congressional District 20 (116th Congress), New York",10.9%,"78,810",200%,"SNAP, Other Nutrition Programs",200%,"SNAP, Other Nutrition Programs",61.7%,,38.3%,17.4%,"24,610",70%,30%
3621,NY,"Congressional District 21 (116th Congress), New York",10.7%,"75,190",200%,"SNAP, Other Nutrition Programs",200%,"SNAP, Other Nutrition Programs",72.2%,,27.8%,18.2%,"25,140",84%,16%
3622,NY,"Congressional District 22 (116th Congress), New York",11.8%,"82,290",200%,"SNAP, Other Nutrition Programs",200%,"SNAP, Other Nutrition Programs",75.0%,,25.0%,19.8%,"28,170",86%,14%
3623,NY,"Congressional District 23 (116th Congress), New York",11.9%,"82,430",200%,"SNAP, Other Nutrition Programs",200%,"SNAP, Other Nutrition Programs",74.7%,,25.3%,19.7%,"26,890",84%,17%
3624,NY,"Congressional District 24 (116th Congress), New York",11.8%,"82,800",200%,"SNAP, Other Nutrition Programs",200%,"SNAP, Other Nutrition Programs",66.8%,,33.2%,20.3%,"29,720",73%,27%
3625,NY,"Congressional District 25 (116th Congress), New York",12.1%,"86,990",200%,"SNAP, Other Nutrition Programs",200%,"SNAP, Other Nutrition Programs",70.7%,,29.3%,19.0%,"28,460",69%,31%
3626,NY,"Congressional District 26 (116th Congress), New York",12.9%,"91,310",200%,"SNAP, Other Nutrition Programs",200%,"SNAP, Other Nutrition Programs",74.0%,,26.0%,20.6%,"29,540",74%,26%
3627,NY,"Congressional District 27 (116th Congress), New York",8.8%,"62,550",200%,"SNAP, Other Nutrition Programs",200%,"SNAP, Other Nutrition Programs",63.5%,,36.5%,15.0%,"21,100",67%,33%
3701,NC,"Congressional District 1 (116th Congress), North Carolina",17.0%,"129,480",200%,"SNAP, Other Nutrition Programs",200%,"SNAP, Other Nutrition Programs",78.4%,,21.6%,22.8%,"36,530",69%,31%
3702,NC,"Congressional District 2 (116th Congress), North Carolina",10.9%,"94,010",200%,"SNAP, Other Nutrition Programs",200%,"SNAP, Other Nutrition Programs",64.8%,,35.2%,15.1%,"33,310",69%,31%
3703,NC,"Congressional District 3 (116th Congress), North Carolina",16.2%,"122,640",200%,"SNAP, Other Nutrition Programs",200%,"SNAP, Other Nutrition Programs",70.1%,,29.9%,23.3%,"38,490",71%,29%
3704,NC,"Congressional District 4 (116th Congress), North Carolina",11.2%,"97,870",200%,"SNAP, Other Nutrition Programs",200%,"SNAP, Other Nutrition Programs",57.3%,,42.7%,12.7%,"23,530",72%,28%
3705,NC,"Congressional District 5 (116th Congress), North Carolina",14.9%,"113,810",200%,"SNAP, Other Nutrition Programs",200%,"SNAP, Other Nutrition Programs",73.3%,,26.7%,21.4%,"34,080",80%,20%
3706,NC,"Congressional District 6 (116th Congress), North Carolina",13.9%,"107,040",200%,"SNAP, Other Nutrition Programs",200%,"SNAP, Other Nutrition Programs",76.4%,,23.6%,19.9%,"33,950",80%,20%
3707,NC,"Congressional District 7 (116th Congress), North Carolina",15.6%,"126,460",200%,"SNAP, Other Nutrition Programs",200%,"SNAP, Other Nutrition Programs",74.2%,,25.8%,22.9%,"38,170",77%,23%
3708,NC,"Congressional District 8 (116th Congress), North Carolina",14.6%,"116,450",200%,"SNAP, Other Nutrition Programs",200%,"SNAP, Other Nutrition Programs",72.1%,,27.9%,20.5%,"38,920",75%,25%
3709,NC,"Congressional District 9 (116th Congress), North Carolina",12.7%,"100,650",200%,"SNAP, Other Nutrition Programs",200%,"SNAP, Other Nutrition Programs",67.3%,,32.7%,17.4%,"34,630",70%,30%
3710,NC,"Congressional District 10 (116th Congress), North Carolina",14.3%,"108,990",200%,"SNAP, Other Nutrition Programs",200%,"SNAP, Other Nutrition Programs",73.1%,,26.9%,20.5%,"32,700",81%,19%
3711,NC,"Congressional District 11 (116th Congress), North Carolina",14.0%,"107,580",200%,"SNAP, Other Nutrition Programs",200%,"SNAP, Other Nutrition Programs",75.9%,,24.1%,19.7%,"28,300",87%,14%
3712,NC,"Congressional District 12 (116th Congress), North Carolina",13.0%,"114,110",200%,"SNAP, Other Nutrition Programs",200%,"SNAP, Other Nutrition Programs",70.2%,,29.8%,16.4%,"33,390",67%,33%
3713,NC,"Congressional District 13 (116th Congress), North Carolina",14.9%,"117,110",200%,"SNAP, Other Nutrition Programs",200%,"SNAP, Other Nutrition Programs",74.0%,,26.0%,21.4%,"37,040",76%,24%
3800,ND,"Congressional District (at Large) (116th Congress), North Dakota",6.8%,"51,610",200%,"SNAP, Other Nutrition Programs",200%,"SNAP, Other Nutrition Programs",65.7%,,34.3%,9.6%,"16,700",64%,36%
3901,OH,"Congressional District 1 (116th Congress), Ohio",13.3%,"98,260",130%,SNAP,185%,Other Nutrition Program,47.8%,9.4%,42.8%,16.9%,"29,430",61%,39%
3902,OH,"Congressional District 2 (116th Congress), Ohio",13.3%,"97,660",130%,SNAP,185%,Other Nutrition Program,48.8%,12.0%,39.2%,17.7%,"29,530",66%,34%
3903,OH,"Congressional District 3 (116th Congress), Ohio",17.3%,"140,920",130%,SNAP,185%,Other Nutrition Program,63.9%,7.2%,28.9%,22.7%,"45,300",66%,35%
3904,OH,"Congressional District 4 (116th Congress), Ohio",12.6%,"89,190",130%,SNAP,185%,Other Nutrition Program,44.9%,18.2%,36.9%,17.4%,"27,280",73%,27%
3905,OH,"Congressional District 5 (116th Congress), Ohio",11.5%,"82,640",130%,SNAP,185%,Other Nutrition Program,40.9%,15.9%,43.2%,15.4%,"24,720",68%,32%
3906,OH,"Congressional District 6 (116th Congress), Ohio",15.2%,"105,770",130%,SNAP,185%,Other Nutrition Program,51.1%,15.5%,33.4%,21.9%,"32,070",75%,25%
3907,OH,"Congressional District 7 (116th Congress), Ohio",12.6%,"92,330",130%,SNAP,185%,Other Nutrition Program,42.4%,16.6%,41.0%,18.3%,"31,290",67%,33%
3908,OH,"Congressional District 8 (116th Congress), Ohio",13.0%,"95,030",130%,SNAP,185%,Other Nutrition Program,43.5%,17.8%,38.7%,17.5%,"29,700",73%,27%
3909,OH,"Congressional District 9 (116th Congress), Ohio",17.4%,"124,790",130%,SNAP,185%,Other Nutrition Program,62.9%,13.4%,23.7%,24.6%,"38,660",79%,21%
3910,OH,"Congressional District 10 (116th Congress), Ohio",15.7%,"114,230",130%,SNAP,185%,Other Nutrition Program,51.0%,10.4%,38.6%,22.1%,"34,990",68%,32%
3911,OH,"Congressional District 11 (116th Congress), Ohio",21.4%,"145,220",130%,SNAP,185%,Other Nutrition Program,72.0%,1.0%,27.1%,30.1%,"41,840",58%,42%
3912,OH,"Congressional District 12 (116th Congress), Ohio",11.0%,"86,490",130%,SNAP,185%,Other Nutrition Program,35.8%,12.8%,51.4%,13.8%,"25,090",57%,44%
3913,OH,"Congressional District 13 (116th Congress), Ohio",16.3%,"115,290",130%,SNAP,185%,Other Nutrition Program,54.8%,13.8%,31.4%,23.6%,"32,570",76%,24%
3914,OH,"Congressional District 14 (116th Congress), Ohio",10.1%,"72,970",130%,SNAP,185%,Other Nutrition Program,35.0%,14.0%,51.1%,13.3%,"20,480",62%,38%
3915,OH,"Congressional District 15 (116th Congress), Ohio",12.3%,"93,430",130%,SNAP,185%,Other Nutrition Program,43.1%,13.3%,43.6%,16.1%,"25,940",69%,31%
3916,OH,"Congressional District 16 (116th Congress), Ohio",9.7%,"69,960",130%,SNAP,185%,Other Nutrition Program,32.7%,14.4%,52.9%,13.1%,"20,270",55%,45%
4001,OK,"Congressional District 1 (116th Congress), Oklahoma",14.2%,"114,010",130%,SNAP,185%,Other Nutrition Program,42.6%,15.9%,41.5%,20.3%,"40,770",63%,37%
4002,OK,"Congressional District 2 (116th Congress), Oklahoma",17.7%,"132,360",130%,SNAP,185%,Other Nutrition Program,53.5%,17.1%,29.3%,26.8%,"46,630",73%,27%
4003,OK,"Congressional District 3 (116th Congress), Oklahoma",14.1%,"109,570",130%,SNAP,185%,Other Nutrition Program,43.1%,16.3%,40.6%,20.1%,"37,440",64%,36%
4004,OK,"Congressional District 4 (116th Congress), Oklahoma",14.3%,"112,860",130%,SNAP,185%,Other Nutrition Program,43.1%,16.1%,40.8%,20.2%,"37,220",66%,34%
4005,OK,"Congressional District 5 (116th Congress), Oklahoma",15.2%,"125,340",130%,SNAP,185%,Other Nutrition Program,50.3%,14.4%,35.3%,21.8%,"46,050",65%,35%
4101,OR,"Congressional District 1 (116th Congress), Oregon",9.5%,"81,980",185%,"SNAP, Other Nutrition Programs",185%,"SNAP, Other Nutrition Programs",54.2%,,45.8%,11.9%,"22,650",58%,43%
4102,OR,"Congressional District 2 (116th Congress), Oregon",13.2%,"110,000",185%,"SNAP, Other Nutrition Programs",185%,"SNAP, Other Nutrition Programs",71.1%,,28.9%,19.4%,"34,570",74%,26%
4103,OR,"Congressional District 3 (116th Congress), Oregon",10.9%,"91,820",185%,"SNAP, Other Nutrition Programs",185%,"SNAP, Other Nutrition Programs",62.6%,,37.4%,13.4%,"21,590",70%,30%
4104,OR,"Congressional District 4 (116th Congress), Oregon",14.7%,"119,900",185%,"SNAP, Other Nutrition Programs",185%,"SNAP, Other Nutrition Programs",69.4%,,30.6%,20.9%,"31,640",72%,28%
4105,OR,"Congressional District 5 (116th Congress), Oregon",11.3%,"95,030",185%,"SNAP, Other Nutrition Programs",185%,"SNAP, Other Nutrition Programs",65.0%,,35.0%,15.0%,"28,770",72%,28%
4201,PA,"Congressional District 1 (116th Congress), Pennsylvania",7.1%,"50,920",160%,SNAP,185%,Other Nutrition Program,36.9%,6.8%,56.3%,9.4%,"13,590",52%,48%
4202,PA,"Congressional District 2 (116th Congress), Pennsylvania",17.5%,"127,550",160%,SNAP,185%,Other Nutrition Program,85.1%,14.9%,0.0%,24.7%,"43,920",73%,27%
4203,PA,"Congressional District 3 (116th Congress), Pennsylvania",18.1%,"133,430",160%,SNAP,185%,Other Nutrition Program,80.9%,19.1%,0.0%,24.1%,"33,180",50%,50%
4204,PA,"Congressional District 4 (116th Congress), Pennsylvania",7.5%,"54,560",160%,SNAP,185%,Other Nutrition Program,39.4%,3.9%,56.8%,9.1%,"14,330",56%,45%
4205,PA,"Congressional District 5 (116th Congress), Pennsylvania",11.1%,"79,610",160%,SNAP,185%,Other Nutrition Program,53.7%,2.5%,43.8%,14.8%,"23,550",58%,42%
4206,PA,"Congressional District 6 (116th Congress), Pennsylvania",8.6%,"62,880",160%,SNAP,185%,Other Nutrition Program,49.6%,3.5%,46.9%,11.5%,"19,980",70%,30%
4207,PA,"Congressional District 7 (116th Congress), Pennsylvania",10.5%,"76,490",160%,SNAP,185%,Other Nutrition Program,54.4%,5.0%,40.6%,14.6%,"22,330",73%,27%
4208,PA,"Congressional District 8 (116th Congress), Pennsylvania",11.5%,"80,030",160%,SNAP,185%,Other Nutrition Program,58.9%,5.1%,36.0%,16.7%,"23,400",76%,25%
4209,PA,"Congressional District 9 (116th Congress), Pennsylvania",9.7%,"68,260",160%,SNAP,185%,Other Nutrition Program,51.8%,9.3%,38.9%,13.8%,"19,050",73%,27%
4210,PA,"Congressional District 10 (116th Congress), Pennsylvania",10.0%,"73,390",160%,SNAP,185%,Other Nutrition Program,55.7%,3.3%,41.0%,13.8%,"22,340",72%,28%
4211,PA,"Congressional District 11 (116th Congress), Pennsylvania",8.1%,"60,060",160%,SNAP,185%,Other Nutrition Program,50.0%,8.7%,41.3%,10.5%,"17,680",79%,21%
4212,PA,"Congressional District 12 (116th Congress), Pennsylvania",11.1%,"77,790",160%,SNAP,185%,Other Nutrition Program,54.6%,7.3%,38.2%,15.0%,"20,830",77%,23%
4213,PA,"Congressional District 13 (116th Congress), Pennsylvania",10.9%,"75,720",160%,SNAP,185%,Other Nutrition Program,53.7%,9.3%,37.0%,16.7%,"23,180",79%,21%
4214,PA,"Congressional District 14 (116th Congress), Pennsylvania",10.3%,"70,200",160%,SNAP,185%,Other Nutrition Program,48.2%,6.9%,44.9%,14.7%,"19,010",63%,37%
4215,PA,"Congressional District 15 (116th Congress), Pennsylvania",11.1%,"75,390",160%,SNAP,185%,Other Nutrition Program,54.9%,8.8%,36.3%,16.2%,"20,520",76%,24%
4216,PA,"Congressional District 16 (116th Congress), Pennsylvania",12.4%,"84,830",160%,SNAP,185%,Other Nutrition Program,56.6%,6.3%,37.0%,17.9%,"24,870",75%,26%
4217,PA,"Congressional District 17 (116th Congress), Pennsylvania",8.9%,"63,970",160%,SNAP,185%,Other Nutrition Program,46.0%,5.1%,48.9%,12.2%,"17,690",61%,39%
4218,PA,"Congressional District 18 (116th Congress), Pennsylvania",12.7%,"86,840",160%,SNAP,185%,Other Nutrition Program,59.9%,40.1%,0.0%,16.7%,"19,820",63%,38%
4401,RI,"Congressional District 1 (116th Congress), Rhode Island",12.9%,"68,850",185%,"SNAP, Other Nutrition Programs",185%,"SNAP, Other Nutrition Programs",66.2%,,33.8%,18.8%,"19,500",76%,25%
4402,RI,"Congressional District 2 (116th Congress), Rhode Island",9.9%,"52,120",185%,"SNAP, Other Nutrition Programs",185%,"SNAP, Other Nutrition Programs",57.4%,,42.6%,16.8%,"16,770",71%,29%
4501,SC,"Congressional District 1 (116th Congress), South Carolina",8.6%,"70,020",130%,SNAP,185%,Other Nutrition Program,43.7%,16.1%,40.3%,11.8%,"20,280",70%,31%
4502,SC,"Congressional District 2 (116th Congress), South Carolina",10.9%,"77,910",130%,SNAP,185%,Other Nutrition Program,46.8%,17.5%,35.7%,15.1%,"24,730",70%,30%
4503,SC,"Congressional District 3 (116th Congress), South Carolina",12.5%,"87,240",130%,SNAP,185%,Other Nutrition Program,50.8%,17.8%,31.3%,17.2%,"25,430",73%,27%
4504,SC,"Congressional District 4 (116th Congress), South Carolina",9.9%,"73,280",130%,SNAP,185%,Other Nutrition Program,47.0%,19.4%,33.6%,12.8%,"21,610",79%,21%
4505,SC,"Congressional District 5 (116th Congress), South Carolina",11.0%,"80,780",130%,SNAP,185%,Other Nutrition Program,54.0%,16.6%,29.5%,15.0%,"25,180",68%,32%
4506,SC,"Congressional District 6 (116th Congress), South Carolina",16.8%,"110,610",130%,SNAP,185%,Other Nutrition Program,70.0%,8.5%,21.5%,23.3%,"31,750",59%,41%
4507,SC,"Congressional District 7 (116th Congress), South Carolina",13.7%,"100,600",130%,SNAP,185%,Other Nutrition Program,58.3%,12.8%,28.9%,20.1%,"29,730",67%,34%
4600,SD,"Congressional District (at Large) (116th Congress), South Dakota",10.8%,"95,080",130%,SNAP,185%,Other Nutrition Program,47.5%,14.3%,38.2%,16.5%,"35,330",70%,30%
4701,TN,"Congressional District 1 (116th Congress), Tennessee",15.5%,"111,880",130%,SNAP,185%,Other Nutrition Program,54.0%,18.9%,27.1%,21.3%,"30,320",82%,18%
4702,TN,"Congressional District 2 (116th Congress), Tennessee",12.2%,"92,010",130%,SNAP,185%,Other Nutrition Program,46.7%,17.9%,35.4%,14.0%,"21,800",82%,18%
4703,TN,"Congressional District 3 (116th Congress), Tennessee",15.0%,"110,210",130%,SNAP,185%,Other Nutrition Program,49.6%,15.8%,34.6%,19.1%,"29,050",73%,27%
4704,TN,"Congressional District 4 (116th Congress), Tennessee",13.5%,"107,840",130%,SNAP,185%,Other Nutrition Program,50.4%,18.8%,30.8%,17.0%,"31,290",86%,14%
4705,TN,"Congressional District 5 (116th Congress), Tennessee",12.6%,"97,600",130%,SNAP,185%,Other Nutrition Program,53.3%,9.4%,37.2%,15.0%,"24,640",72%,28%
4706,TN,"Congressional District 6 (116th Congress), Tennessee",11.9%,"93,170",130%,SNAP,185%,Other Nutrition Program,45.7%,23.3%,31.0%,14.3%,"25,350",90%,10%
4707,TN,"Congressional District 7 (116th Congress), Tennessee",12.2%,"95,630",130%,SNAP,185%,Other Nutrition Program,44.8%,18.3%,36.9%,14.6%,"28,540",73%,27%
4708,TN,"Congressional District 8 (116th Congress), Tennessee",13.2%,"92,400",130%,SNAP,185%,Other Nutrition Program,48.6%,15.4%,36.0%,16.7%,"26,840",68%,32%
4709,TN,"Congressional District 9 (116th Congress), Tennessee",21.0%,"149,550",130%,SNAP,185%,Other Nutrition Program,77.1%,0.3%,22.6%,27.8%,"49,280",52%,48%
4801,TX,"Congressional District 1 (116th Congress), Texas",17.6%,"127,870",165%,SNAP,185%,Other Nutrition Program,64.0%,3.3%,32.6%,26.0%,"46,320",68%,32%
4802,TX,"Congressional District 2 (116th Congress), Texas",14.3%,"114,600",165%,SNAP,185%,Other Nutrition Program,51.9%,3.1%,45.0%,20.5%,"41,700",61%,40%
4803,TX,"Congressional District 3 (116th Congress), Texas",11.6%,"104,720",165%,SNAP,185%,Other Nutrition Program,34.6%,2.7%,62.7%,15.6%,"35,940",37%,63%
4804,TX,"Congressional District 4 (116th Congress), Texas",15.5%,"118,000",165%,SNAP,185%,Other Nutrition Program,53.2%,7.5%,39.2%,23.1%,"43,130",67%,33%
4805,TX,"Congressional District 5 (116th Congress), Texas",15.5%,"116,150",165%,SNAP,185%,Other Nutrition Program,66.4%,5.6%,28.0%,22.4%,"44,140",74%,26%
4806,TX,"Congressional District 6 (116th Congress), Texas",13.2%,"105,930",165%,SNAP,185%,Other Nutrition Program,53.6%,1.8%,44.5%,19.3%,"40,100",56%,44%
4807,TX,"Congressional District 7 (116th Congress), Texas",14.2%,"109,770",165%,SNAP,185%,Other Nutrition Program,54.9%,2.4%,42.6%,20.0%,"39,190",60%,40%
4808,TX,"Congressional District 8 (116th Congress), Texas",12.9%,"112,560",165%,SNAP,185%,Other Nutrition Program,49.3%,5.3%,45.5%,18.7%,"41,140",57%,43%
4809,TX,"Congressional District 9 (116th Congress), Texas",18.3%,"144,090",165%,SNAP,185%,Other Nutrition Program,82.1%,17.9%,0.0%,26.5%,"52,880",69%,31%
4810,TX,"Congressional District 10 (116th Congress), Texas",12.7%,"113,750",165%,SNAP,185%,Other Nutrition Program,46.9%,5.0%,48.1%,18.0%,"40,680",55%,46%
4811,TX,"Congressional District 11 (116th Congress), Texas",13.5%,"105,540",165%,SNAP,185%,Other Nutrition Program,56.8%,6.6%,36.6%,19.3%,"38,470",65%,35%
4812,TX,"Congressional District 12 (116th Congress), Texas",14.0%,"113,380",165%,SNAP,185%,Other Nutrition Program,46.5%,6.2%,47.4%,19.5%,"38,320",58%,42%
4813,TX,"Congressional District 13 (116th Congress), Texas",15.4%,"109,670",165%,SNAP,185%,Other Nutrition Program,57.0%,6.1%,37.0%,22.9%,"40,500",70%,30%
4814,TX,"Congressional District 14 (116th Congress), Texas",15.9%,"121,580",165%,SNAP,185%,Other Nutrition Program,56.5%,3.0%,40.5%,23.6%,"43,720",59%,41%
4815,TX,"Congressional District 15 (116th Congress), Texas",16.1%,"128,370",165%,SNAP,185%,Other Nutrition Program,84.9%,5.1%,9.9%,24.4%,"58,840",86%,14%
4816,TX,"Congressional District 16 (116th Congress), Texas",16.0%,"117,530",165%,SNAP,185%,Other Nutrition Program,82.4%,6.4%,11.2%,24.1%,"47,400",83%,17%
4817,TX,"Congressional District 17 (116th Congress), Texas",16.7%,"132,280",165%,SNAP,185%,Other Nutrition Program,62.9%,3.3%,33.8%,21.4%,"39,940",68%,32%
4818,TX,"Congressional District 18 (116th Congress), Texas",18.4%,"147,200",165%,SNAP,185%,Other Nutrition Program,82.2%,17.8%,0.0%,26.0%,"54,170",69%,31%
4819,TX,"Congressional District 19 (116th Congress), Texas",16.1%,"118,170",165%,SNAP,185%,Other Nutrition Program,62.6%,5.8%,31.7%,22.2%,"40,640",71%,29%
4820,TX,"Congressional District 20 (116th Congress), Texas",16.6%,"140,850",165%,SNAP,185%,Other Nutrition Program,73.7%,3.9%,22.5%,24.7%,"55,850",79%,21%
4821,TX,"Congressional District 21 (116th Congress), Texas",13.6%,"111,360",165%,SNAP,185%,Other Nutrition Program,45.6%,5.2%,49.2%,17.9%,"27,960",59%,41%
4822,TX,"Congressional District 22 (116th Congress), Texas",11.8%,"110,220",165%,SNAP,185%,Other Nutrition Program,41.3%,3.3%,55.4%,17.5%,"45,150",43%,57%
4823,TX,"Congressional District 23 (116th Congress), Texas",13.9%,"110,410",165%,SNAP,185%,Other Nutrition Program,72.4%,7.0%,20.6%,20.8%,"45,030",73%,27%
4824,TX,"Congressional District 24 (116th Congress), Texas",12.6%,"102,840",165%,SNAP,185%,Other Nutrition Program,44.5%,4.0%,51.5%,16.2%,"30,640",59%,41%
4825,TX,"Congressional District 25 (116th Congress), Texas",13.9%,"109,280",165%,SNAP,185%,Other Nutrition Program,44.5%,5.3%,50.2%,20.1%,"37,690",57%,43%
4826,TX,"Congressional District 26 (116th Congress), Texas",11.6%,"103,280",165%,SNAP,185%,Other Nutrition Program,34.1%,3.7%,62.3%,16.3%,"38,030",38%,62%
4827,TX,"Congressional District 27 (116th Congress), Texas",15.3%,"113,490",165%,SNAP,185%,Other Nutrition Program,66.1%,5.9%,28.0%,22.2%,"40,900",73%,27%
4828,TX,"Congressional District 28 (116th Congress), Texas",17.0%,"130,920",165%,SNAP,185%,Other Nutrition Program,82.8%,7.7%,9.5%,25.9%,"61,640",85%,15%
4829,TX,"Congressional District 29 (116th Congress), Texas",16.0%,"122,750",165%,SNAP,185%,Other Nutrition Program,87.2%,4.7%,8.1%,23.7%,"54,130",86%,14%
4830,TX,"Congressional District 30 (116th Congress), Texas",17.5%,"141,080",165%,SNAP,185%,Other Nutrition Program,83.3%,16.7%,0.0%,23.6%,"53,930",65%,36%
4831,TX,"Congressional District 31 (116th Congress), Texas",14.1%,"124,140",165%,SNAP,185%,Other Nutrition Program,46.8%,5.6%,47.6%,20.6%,"47,210",55%,45%
4832,TX,"Congressional District 32 (116th Congress), Texas",13.1%,"100,860",165%,SNAP,185%,Other Nutrition Program,47.0%,4.0%,49.0%,18.3%,"31,280",60%,40%
4833,TX,"Congressional District 33 (116th Congress), Texas",17.2%,"133,690",165%,SNAP,185%,Other Nutrition Program,90.2%,3.8%,6.0%,24.3%,"57,660",94%,6%
4834,TX,"Congressional District 34 (116th Congress), Texas",16.6%,"120,540",165%,SNAP,185%,Other Nutrition Program,87.9%,8.8%,3.3%,25.0%,"53,310",91%,9%
4835,TX,"Congressional District 35 (116th Congress), Texas",17.1%,"139,640",165%,SNAP,185%,Other Nutrition Program,73.9%,4.9%,21.2%,23.3%,"44,830",82%,18%
4836,TX,"Congressional District 36 (116th Congress), Texas",15.7%,"118,730",165%,SNAP,185%,Other Nutrition Program,56.3%,3.3%,40.4%,24.3%,"46,480",63%,37%
4901,UT,"Congressional District 1 (116th Congress), Utah",10.6%,"81,970",130%,SNAP,185%,Other Nutrition Program,37.1%,17.8%,45.1%,12.2%,"28,640",56%,44%
4902,UT,"Congressional District 2 (116th Congress), Utah",12.2%,"94,890",130%,SNAP,185%,Other Nutrition Program,42.9%,16.8%,40.3%,13.0%,"27,190",62%,38%
4903,UT,"Congressional District 3 (116th Congress), Utah",11.1%,"86,070",130%,SNAP,185%,Other Nutrition Program,38.9%,15.8%,45.2%,11.9%,"27,010",55%,45%
4904,UT,"Congressional District 4 (116th Congress), Utah",10.2%,"84,440",130%,SNAP,185%,Other Nutrition Program,33.8%,16.3%,49.9%,11.6%,"30,350",54%,46%
5000,VT,"Congressional District (at Large) (116th Congress), Vermont",11.3%,"70,580",185%,"SNAP, Other Nutrition Programs",185%,"SNAP, Other Nutrition Programs",54.6%,,45.4%,15.2%,"17,550",57%,44%
5101,VA,"Congressional District 1 (116th Congress), Virginia",7.0%,"56,790",130%,SNAP,185%,Other Nutrition Program,37.8%,13.3%,48.9%,9.3%,"18,070",54%,46%
5102,VA,"Congressional District 2 (116th Congress), Virginia",10.1%,"74,710",130%,SNAP,185%,Other Nutrition Program,37.0%,13.5%,49.5%,13.4%,"21,190",55%,45%
5103,VA,"Congressional District 3 (116th Congress), Virginia",13.9%,"103,370",130%,SNAP,185%,Other Nutrition Program,57.1%,7.6%,35.3%,18.6%,"31,090",51%,49%
5104,VA,"Congressional District 4 (116th Congress), Virginia",12.8%,"95,550",130%,SNAP,185%,Other Nutrition Program,53.7%,8.0%,38.3%,17.6%,"26,560",50%,50%
5105,VA,"Congressional District 5 (116th Congress), Virginia",11.8%,"87,520",130%,SNAP,185%,Other Nutrition Program,52.2%,11.2%,36.6%,16.6%,"24,020",65%,35%
5106,VA,"Congressional District 6 (116th Congress), Virginia",12.0%,"90,870",130%,SNAP,185%,Other Nutrition Program,49.3%,16.1%,34.5%,15.4%,"23,500",72%,28%
5107,VA,"Congressional District 7 (116th Congress), Virginia",9.0%,"73,180",130%,SNAP,185%,Other Nutrition Program,40.6%,14.9%,44.5%,12.1%,"22,950",57%,43%
5108,VA,"Congressional District 8 (116th Congress), Virginia",7.2%,"57,450",130%,SNAP,185%,Other Nutrition Program,40.4%,13.3%,46.2%,7.3%,"12,010",78%,22%
5109,VA,"Congressional District 9 (116th Congress), Virginia",15.2%,"107,080",130%,SNAP,185%,Other Nutrition Program,56.9%,15.0%,28.2%,21.1%,"27,170",72%,28%
5110,VA,"Congressional District 10 (116th Congress), Virginia",4.9%,"42,000",130%,SNAP,185%,Other Nutrition Program,30.5%,18.5%,50.9%,5.4%,"12,240",66%,34%
5111,VA,"Congressional District 11 (116th Congress), Virginia",6.8%,"54,350",130%,SNAP,185%,Other Nutrition Program,38.1%,17.3%,44.6%,7.8%,"14,730",67%,33%
5301,WA,"Congressional District 1 (116th Congress), Washington",7.7%,"59,040",200%,"SNAP, Other Nutrition Programs",200%,"SNAP, Other Nutrition Programs",49.4%,,50.6%,10.6%,"19,520",39%,61%
5302,WA,"Congressional District 2 (116th Congress), Washington",10.6%,"80,400",200%,"SNAP, Other Nutrition Programs",200%,"SNAP, Other Nutrition Programs",62.9%,,37.1%,14.4%,"21,120",54%,46%
5303,WA,"Congressional District 3 (116th Congress), Washington",11.1%,"82,280",200%,"SNAP, Other Nutrition Programs",200%,"SNAP, Other Nutrition Programs",67.8%,,32.2%,16.3%,"27,910",53%,47%
5304,WA,"Congressional District 4 (116th Congress), Washington",11.2%,"82,480",200%,"SNAP, Other Nutrition Programs",200%,"SNAP, Other Nutrition Programs",99.2%,,0.8%,15.9%,"33,820",79%,21%
5305,WA,"Congressional District 5 (116th Congress), Washington",13.3%,"96,420",200%,"SNAP, Other Nutrition Programs",200%,"SNAP, Other Nutrition Programs",74.2%,,25.8%,18.2%,"28,110",65%,35%
5306,WA,"Congressional District 6 (116th Congress), Washington",11.4%,"83,480",200%,"SNAP, Other Nutrition Programs",200%,"SNAP, Other Nutrition Programs",63.2%,,36.8%,16.9%,"24,270",55%,45%
5307,WA,"Congressional District 7 (116th Congress), Washington",10.3%,"82,000",200%,"SNAP, Other Nutrition Programs",200%,"SNAP, Other Nutrition Programs",46.3%,,53.7%,11.1%,"13,770",41%,59%
5308,WA,"Congressional District 8 (116th Congress), Washington",8.8%,"66,510",200%,"SNAP, Other Nutrition Programs",200%,"SNAP, Other Nutrition Programs",58.9%,,41.1%,12.8%,"23,380",48%,52%
5309,WA,"Congressional District 9 (116th Congress), Washington",11.3%,"86,110",200%,"SNAP, Other Nutrition Programs",200%,"SNAP, Other Nutrition Programs",59.8%,,40.2%,15.0%,"24,610",51%,49%
5310,WA,"Congressional District 10 (116th Congress), Washington",11.3%,"85,360",200%,"SNAP, Other Nutrition Programs",200%,"SNAP, Other Nutrition Programs",66.2%,,33.8%,15.7%,"27,970",60%,40%
5401,WV,"Congressional District 1 (116th Congress), West Virginia",13.2%,"80,050",200%,"SNAP, Other Nutrition Programs",200%,"SNAP, Other Nutrition Programs",65.4%,,34.6%,19.2%,"22,160",73%,27%
5402,WV,"Congressional District 2 (116th Congress), West Virginia",12.6%,"78,480",200%,"SNAP, Other Nutrition Programs",200%,"SNAP, Other Nutrition Programs",65.8%,,34.2%,19.1%,"25,190",68%,32%
5403,WV,"Congressional District 3 (116th Congress), West Virginia",16.0%,"92,070",200%,"SNAP, Other Nutrition Programs",200%,"SNAP, Other Nutrition Programs",75.8%,,24.2%,22.8%,"26,420",78%,22%
5501,WI,"Congressional District 1 (116th Congress), Wisconsin",8.5%,"60,830",200%,"SNAP, Other Nutrition Programs",200%,"SNAP, Other Nutrition Programs",62.8%,,37.2%,14.1%,"22,790",68%,32%
5502,WI,"Congressional District 2 (116th Congress), Wisconsin",8.0%,"61,720",200%,"SNAP, Other Nutrition Programs",200%,"SNAP, Other Nutrition Programs",60.2%,,39.8%,10.7%,"17,200",70%,30%
5503,WI,"Congressional District 3 (116th Congress), Wisconsin",9.5%,"69,110",200%,"SNAP, Other Nutrition Programs",200%,"SNAP, Other Nutrition Programs",65.0%,,35.0%,14.5%,"21,730",70%,30%
5504,WI,"Congressional District 4 (116th Congress), Wisconsin",14.6%,"103,750",200%,"SNAP, Other Nutrition Programs",200%,"SNAP, Other Nutrition Programs",81.8%,,18.2%,21.3%,"37,950",66%,34%
5505,WI,"Congressional District 5 (116th Congress), Wisconsin",6.8%,"49,890",200%,"SNAP, Other Nutrition Programs",200%,"SNAP, Other Nutrition Programs",54.6%,,45.4%,10.7%,"16,640",54%,46%
5506,WI,"Congressional District 6 (116th Congress), Wisconsin",8.1%,"57,800",200%,"SNAP, Other Nutrition Programs",200%,"SNAP, Other Nutrition Programs",63.6%,,36.4%,13.6%,"20,210",66%,34%
5507,WI,"Congressional District 7 (116th Congress), Wisconsin",8.3%,"58,940",200%,"SNAP, Other Nutrition Programs",200%,"SNAP, Other Nutrition Programs",70.3%,,29.7%,14.4%,"21,900",72%,28%
5508,WI,"Congressional District 8 (116th Congress), Wisconsin",7.3%,"53,890",200%,"SNAP, Other Nutrition Programs",200%,"SNAP, Other Nutrition Programs",69.3%,,30.7%,12.5%,"20,760",70%,30%
5600,WY,"Congressional District (at Large) (116th Congress), Wyoming",12.2%,"70,640",130%,SNAP,185%,Other Nutrition Program,41.7%,14.4%,43.8%,15.9%,"21,160",59%,41%